X-Axis,Ch1 Y-Axis,Ch2 Y-Axis,Ch3 Y-Axis
0.0,0.97773,0.50836,0.15314
0.0002474485998112974,-0.38068,-0.43314,-0.62683
0.0004948971996225948,0.06324,0.25543,-0.30637
0.0007423457994338923,0.15302,0.26856,-0.28964
0.0009897943992451896,0.1395,0.34687,-0.23232
0.001237242999056487,0.11575,0.16961,-0.23036
0.0014846915988677846,-0.29952,-0.05973,-0.23262
0.001732140198679082,-0.53976,0.00669,0.02417
0.0019795887984903793,-0.58617,-0.24828,-0.06144
0.0022270373983016767,-0.45351,-0.12889,-0.2032
0.002474485998112974,-0.46201,-0.26098,-0.23535
0.0027219345979242714,-0.29977,-0.44191,-0.18445
0.002969383197735569,0.26805,-0.4293,-0.17443
0.0032168317975468665,0.05485,-0.54512,-0.24284
0.003464280397358164,-0.78932,-0.63967,-0.11761
0.0037117289971694612,-0.53664,-1.03098,-0.21812
0.003959177596980759,0.63756,-1.12426,-0.55164
0.004206626196792056,0.59618,-1.05259,-0.46443
0.004454074796603353,-0.43996,-1.03742,-0.19061
0.004701523396414651,-0.34042,-0.77085,-0.19848
0.004948971996225948,0.35769,-0.49033,-0.34302
0.005196420596037246,0.20489,-0.02714,-0.26358
0.005443869195848543,-0.18758,0.26668,-0.00675
0.0056913177956598405,-0.06812,0.20976,-0.06441
0.005938766395471138,-0.09105,-0.07557,0.02619
0.006186214995282435,-0.43196,-0.24328,0.48525
0.006433663595093733,-0.02976,-0.14793,0.41814
0.00668111219490503,0.49519,-0.3789,-0.0784
0.006928560794716328,0.00608,-0.51131,-0.36379
0.007176009394527625,-0.27327,-0.29604,-0.1431
0.0074234579943389225,0.41026,0.04103,0.29591
0.007670906594150219,0.85723,0.23851,0.36563
0.007918355193961517,0.4189,0.24892,0.26969
0.008165803793772814,0.20131,0.39662,0.28275
0.008413252393584113,0.64661,0.16422,0.41179
0.00866070099339541,0.68275,-0.20239,0.69222
0.008908149593206707,0.27179,-0.20948,0.86438
0.009155598193018004,0.03609,-0.1879,0.68601
0.009403046792829302,-0.05608,-0.07427,0.43459
0.009650495392640599,-0.03973,0.19181,0.4137
0.009897943992451896,0.08784,0.74879,0.49675
0.010145392592263195,0.13493,1.3174,0.59671
0.010392841192074492,-0.02183,1.49147,0.67631
0.010640289791885789,-0.09445,1.60671,0.6868
0.010887738391697085,-0.04627,1.52006,0.74492
0.011135186991508384,-0.02284,1.23953,0.74408
0.011382635591319681,0.04748,1.00346,0.61809
0.011630084191130978,0.10358,0.61078,0.58441
0.011877532790942277,0.2781,0.26341,0.63985
0.012124981390753574,0.47203,-0.00417,0.68918
0.01237242999056487,0.48568,-0.07065,0.52582
0.012619878590376167,0.4307,0.01378,0.15511
0.012867327190187466,0.29009,0.03458,0.05442
0.013114775789998763,0.22851,0.25322,0.21489
0.01336222438981006,0.30072,0.46146,0.2973
0.013609672989621357,0.20704,0.52027,0.2294
0.013857121589432655,-0.11327,0.53745,0.10699
0.014104570189243952,-0.26942,0.63093,0.03415
0.01435201878905525,-0.07494,0.67673,0.04517
0.014599467388866548,0.10592,0.63105,0.03499
0.014846915988677845,0.03183,0.54961,-0.06424
0.015094364588489142,-0.21154,0.33851,-0.08604
0.015341813188300439,-0.31108,0.20054,-0.1064
0.015589261788111737,-0.0377,0.03072,-0.12835
0.015836710387923034,0.07748,0.35482,-0.13442
0.016084158987734333,-0.24139,0.89712,-0.28089
0.016331607587545628,-0.37159,1.24327,-0.33916
0.016579056187356927,-0.24202,1.88435,-0.30252
0.016826504787168226,-0.12096,2.13319,-0.3293
0.01707395338697952,0.01043,2.06241,-0.33286
0.01732140198679082,0.00923,1.42395,-0.46149
0.017568850586602115,-0.03916,0.42461,-0.73848
0.017816299186413413,-0.03689,-0.28555,-0.83409
0.018063747786224712,-0.15457,-1.19132,-0.73155
0.018311196386036007,-0.21756,-1.42712,-0.66926
0.018558644985847306,-0.14646,-1.42824,-0.77248
0.018806093585658604,-0.34243,-1.40214,-0.95253
0.0190535421854699,-0.25884,-1.02649,-0.9376
0.019300990785281198,0.37397,-0.85026,-0.68122
0.019548439385092497,0.03599,-0.46451,-0.40373
0.019795887984903792,-0.36358,-0.77162,-0.24833
0.02004333658471509,0.84245,-1.10438,-0.31372
0.02029078518452639,1.11446,-0.94396,-0.36505
0.020538233784337685,-0.84569,-1.14464,0.07568
0.020785682384148983,-1.7484,-0.8963,0.35814
0.02103313098396028,-0.46956,-0.62222,-0.03396
0.021280579583771577,0.14644,-0.10929,-0.20006
0.021528028183582876,-0.28498,0.37726,0.0429
0.02177547678339417,-0.16015,0.20769,0.24976
0.02202292538320547,-0.02872,0.24075,0.41695
0.022270373983016768,-0.21858,0.0405,0.51704
0.022517822582828063,0.02244,-0.13225,0.54563
0.022765271182639362,0.27803,-0.45968,0.54698
0.02301271978245066,-0.33835,-1.00763,0.61285
0.023260168382261956,-0.78806,-1.01793,0.61099
0.023507616982073255,0.19775,-1.06035,0.43264
0.023755065581884553,0.96995,-0.9783,0.311
0.02400251418169585,0.31904,-1.09726,0.34962
0.024249962781507147,-0.17277,-1.20168,0.31088
0.024497411381318442,0.37085,-0.909,0.10251
0.02474485998112974,0.78785,-0.86248,0.19085
0.02499230858094104,0.50585,-0.56074,0.44015
0.025239757180752335,0.25424,-0.46697,0.34957
0.025487205780563633,0.11401,-0.50829,0.06196
0.025734654380374932,0.13941,-0.22234,-0.10165
0.025982102980186227,0.57951,-0.02055,0.14359
0.026229551579997526,0.69495,0.23237,0.37817
0.026477000179808825,0.20929,0.1668,0.24348
0.02672444877962012,-0.1034,0.24841,0.04516
0.02697189737943142,0.12474,0.59045,-0.02246
0.027219345979242714,0.24036,0.80059,0.15881
0.027466794579054012,-0.1926,1.03348,0.19324
0.02771424317886531,-0.67133,0.93967,-0.07782
0.027961691778676606,-0.77003,0.82429,-0.21896
0.028209140378487905,-0.3587,0.76459,-0.15427
0.028456588978299203,-0.09224,0.61789,-0.04054
0.0287040375781105,-0.42387,0.29393,-0.23371
0.028951486177921797,-0.50159,-0.20501,-0.54002
0.029198934777733096,-0.06155,-0.29737,-0.40341
0.02944638337754439,0.23843,-0.21595,-0.19965
0.02969383197735569,0.00287,-0.25725,-0.27605
0.02994128057716699,-0.33405,-0.28551,-0.51059
0.030188729176978284,-0.08232,-0.07703,-0.6973
0.030436177776789582,0.54905,0.40644,-0.46151
0.030683626376600878,0.77196,0.81348,-0.19091
0.030931074976412176,0.46411,1.05604,-0.34499
0.031178523576223475,0.25513,1.06769,-0.54816
0.031425972176034773,0.27002,0.96124,-0.53336
0.03167342077584607,0.22075,0.80309,-0.3171
0.031920869375657364,-0.03994,0.42691,-0.1749
0.032168317975468666,-0.49598,-0.05555,-0.33169
0.03241576657527996,-0.71127,-0.38165,-0.43007
0.032663215175091256,-0.62127,-0.35371,-0.22371
0.03291066377490256,-0.54267,-0.15113,-0.00311
0.033158112374713854,-0.48634,0.15953,-0.00152
0.03340556097452515,-0.36995,0.61486,-0.15422
0.03365300957433645,-0.13119,1.00744,-0.11599
0.033900458174147746,0.10006,1.33732,0.15941
0.03414790677395904,0.11693,1.41209,0.26309
0.034395355373770344,0.0157,1.25765,0.19156
0.03464280397358164,-0.06092,1.05901,0.05265
0.034890252573392934,0.00299,0.6495,-0.01589
0.03513770117320423,0.15468,0.33417,0.07684
0.03538514977301553,0.11093,0.12186,0.0333
0.035632598372826826,0.1545,0.00177,-0.06231
0.03588004697263812,0.31705,0.06993,-0.03001
0.036127495572449424,0.23178,0.00752,-0.00307
0.03637494417226072,0.24953,0.07728,-0.00807
0.036622392772072014,0.35516,0.12081,-0.02413
0.036869841371883316,0.20786,0.03666,-0.02666
0.03711728997169461,0.16643,0.07392,0.07263
0.03736473857150591,0.31285,0.03663,0.16796
0.03761218717131721,0.22435,0.02151,0.03443
0.037859635771128504,0.14878,-0.15645,-0.12976
0.0381070843709398,0.12604,-0.2728,-0.14796
0.0383545329707511,-0.13254,-0.26502,-0.11747
0.038601981570562396,-0.04936,-0.43221,-0.07474
0.03884943017037369,0.13144,-0.38373,-0.1143
0.039096878770184994,-0.21688,-0.41342,-0.11508
0.03934432736999629,-0.50127,-0.4817,-0.01672
0.039591775969807584,-0.46411,-0.49619,-0.08269
0.039839224569618886,-0.4755,-0.67707,-0.22692
0.04008667316943018,-0.4922,-0.69535,-0.14656
0.04033412176924148,-0.17042,-0.81696,-0.11999
0.04058157036905278,-0.20286,-0.94763,-0.32774
0.040829018968864074,-1.07997,-1.12212,-0.35099
0.04107646756867537,-1.08599,-1.46569,-0.3131
0.041323916168486664,0.25107,-1.49758,-0.52965
0.041571364768297966,0.70639,-1.5082,-0.62229
0.04181881336810926,-0.29863,-1.49655,-0.3677
0.04206626196792056,-0.64573,-1.28321,-0.22934
0.04231371056773186,0.06111,-0.95462,-0.39947
0.042561159167543154,0.13608,-0.46671,-0.40053
0.04280860776735445,-0.30403,-0.16292,-0.13456
0.04305605636716575,-0.20938,-0.05903,-0.11027
0.04330350496697705,-0.07308,-0.21845,-0.19501
0.04355095356678834,-0.41392,-0.49793,0.1831
0.043798402166599644,-0.39704,-0.45765,0.4674
0.04404585076641094,0.19707,-0.56374,0.08491
0.044293299366222234,0.12504,-0.82045,-0.40944
0.044540747966033536,-0.28222,-0.73778,-0.36457
0.04478819656584483,0.0631,-0.35672,0.15018
0.04503564516565613,0.46791,-0.06956,0.35422
0.04528309376546743,0.34971,-0.07853,0.21027
0.045530542365278724,0.22302,-0.0019,0.22092
0.04577799096509002,0.52457,-0.02654,0.35873
0.04602543956490132,0.74322,-0.38455,0.62937
0.04627288816471262,0.42831,-0.55639,0.83877
0.04652033676452391,0.05632,-0.44583,0.70883
0.046767785364335214,-0.09397,-0.32122,0.5247
0.04701523396414651,-0.06379,-0.10128,0.50817
0.047262682563957804,0.0956,0.43482,0.52879
0.047510131163769106,0.22417,1.00494,0.58925
0.0477575797635804,0.10537,1.24501,0.69006
0.0480050283633917,-0.06206,1.3505,0.81271
0.04825247696320299,0.03545,1.36718,0.9078
0.048499925563014294,0.06942,1.11251,0.78386
0.04874737416282559,0.05397,0.73674,0.62636
0.048994822762636885,0.18488,0.43302,0.62956
0.04924227136244819,0.27649,0.15818,0.69274
0.04948971996225948,0.28023,-0.11908,0.75903
0.04973716856207078,0.29349,-0.18558,0.58565
0.04998461716188208,0.36891,-0.08473,0.22062
0.050232065761693374,0.33777,-0.07081,0.09081
0.05047951436150467,0.29455,0.02958,0.19458
0.05072696296131597,0.41035,0.22657,0.29335
0.05097441156112727,0.41541,0.33888,0.24899
0.05122186016093856,0.18356,0.36801,0.13066
0.051469308760749864,-0.00951,0.44746,0.09293
0.05171675736056116,-0.02431,0.61992,0.02302
0.051964205960372455,-0.07905,0.5679,-0.05792
0.05221165456018376,-0.09995,0.38823,-0.06414
0.05245910315999505,0.03624,0.22229,-0.11577
0.05270655175980635,-0.07281,-0.00431,-0.15735
0.05295400035961765,-0.43726,-0.22584,-0.22745
0.053201448959428944,-0.33602,-0.38957,-0.35171
0.05344889755924024,0.09195,-0.03495,-0.34768
0.05369634615905154,0.09837,0.65791,-0.3118
0.05394379475886284,-0.21942,1.28003,-0.34115
0.05419124335867413,-0.41845,1.90221,-0.43071
0.05443869195848543,-0.3196,2.1986,-0.55867
0.05468614055829673,0.01294,2.13681,-0.52207
0.054933589158108025,0.24788,1.59193,-0.48564
0.05518103775791932,-0.01166,0.55597,-0.68272
0.05542848635773062,-0.61911,-0.50318,-0.8244
0.05567593495754192,-0.67959,-1.3291,-0.846
0.05592338355735321,-0.16669,-1.61687,-0.81137
0.056170832157164514,-0.14199,-1.52531,-0.77119
0.05641828075697581,-0.46637,-1.36311,-0.90589
0.056665729356787105,-0.2157,-1.1268,-0.90722
0.05691317795659841,-0.15442,-0.8065,-0.69031
0.0571606265564097,-0.24275,-0.78001,-0.4597
0.057408075156221,1.04981,-1.13438,-0.24598
0.0576555237560323,1.61606,-1.36025,-0.34415
0.057902972355843595,-0.52448,-1.46248,-0.21267
0.05815042095565489,-1.82967,-1.40467,0.33028
0.05839786955546619,-0.4371,-0.99178,0.20581
0.05864531815527749,0.37709,-0.16799,-0.17722
0.05889276675508878,-0.41385,0.53367,-0.06419
0.059140215354900084,-0.54106,0.64284,0.08783
0.05938766395471138,0.04508,0.62259,0.24865
0.059635112554522675,0.17668,0.60119,0.51519
0.05988256115433398,0.10965,0.48072,0.63574
0.06013000975414527,-0.0965,-0.07372,0.56201
0.06037745835395657,-0.574,-0.77674,0.51161
0.06062490695376786,-0.6712,-0.99388,0.60586
0.060872355553579165,0.08401,-1.09554,0.65532
0.06111980415339046,0.80087,-1.12662,0.51456
0.061367252753201755,0.48511,-1.32913,0.29028
0.06161470135301306,0.03252,-1.52005,0.2245
0.06186214995282435,0.34061,-1.31374,0.20983
0.06210959855263565,0.75817,-1.24258,0.21933
0.06235704715244695,0.64469,-1.07,0.42875
0.06260449575225825,0.25972,-0.81899,0.43252
0.06285194435206955,0.09515,-0.59016,0.1609
0.06309939295188084,0.23464,-0.23925,0.05244
0.06334684155169214,0.51726,0.13274,0.15983
0.06359429015150343,0.50313,0.56213,0.31358
0.06384173875131473,0.13194,0.64532,0.35442
0.06408918735112602,-0.11613,0.69097,0.22613
0.06433663595093733,-0.09762,0.85419,0.08512
0.06458408455074863,0.08301,0.8906,0.09696
0.06483153315055992,0.04415,0.86215,0.2202
0.06507898175037122,-0.32666,0.77271,0.23451
0.06532643035018251,-0.62717,0.80736,-0.01515
0.06557387894999381,-0.58738,0.64038,-0.20909
0.06582132754980512,-0.26584,0.48426,-0.08286
0.06606877614961641,-0.13003,0.42628,-0.03301
0.06631622474942771,-0.22454,0.15816,-0.25091
0.066563673349239,-0.25245,-0.08652,-0.42277
0.0668111219490503,-0.08142,-0.26038,-0.39653
0.06705857054886159,0.13231,-0.24168,-0.25672
0.0673060191486729,0.00676,-0.27167,-0.28995
0.0675534677484842,-0.21002,-0.1869,-0.52355
0.06780091634829549,0.05732,0.23965,-0.51837
0.06804836494810679,0.60362,0.66953,-0.34258
0.06829581354791808,0.75509,1.07516,-0.29696
0.06854326214772938,0.51803,1.27521,-0.34081
0.06879071074754069,0.25,1.23753,-0.45521
0.06903815934735198,0.13782,0.99908,-0.39908
0.06928560794716328,0.17154,0.65204,-0.14201
0.06953305654697457,-0.07721,0.24541,-0.13415
0.06978050514678587,-0.56693,-0.22288,-0.34866
0.07002795374659716,-0.82108,-0.48902,-0.35347
0.07027540234640846,-0.75059,-0.43689,-0.1191
0.07052285094621977,-0.42855,-0.0685,0.05355
0.07077029954603106,-0.1662,0.37269,0.00525
0.07101774814584236,-0.16663,0.82284,-0.11346
0.07126519674565365,-0.06442,1.24215,-0.03334
0.07151264534546495,0.16472,1.59276,0.18713
0.07176009394527624,0.09793,1.74271,0.29053
0.07200754254508755,-0.01395,1.51965,0.203
0.07225499114489885,0.04837,1.18207,0.06798
0.07250243974471014,0.08076,0.70769,0.03683
0.07274988834452144,0.07011,0.32911,0.07432
0.07299733694433273,0.02084,0.09628,0.06332
0.07324478554414403,0.09103,-0.09608,-0.05599
0.07349223414395534,0.27742,-0.09597,-0.10529
0.07373968274376663,0.41579,-0.10073,-0.02397
0.07398713134357793,0.46744,0.01777,0.00708
0.07423457994338922,0.31612,0.12976,0.00243
0.07448202854320052,0.18157,0.07314,0.0208
0.07472947714301181,0.32568,0.14344,0.0825
0.07497692574282312,0.43868,0.22843,0.10379
0.07522437434263442,0.30012,0.20191,0.01969
0.07547182294244571,0.22892,0.18182,-0.04076
0.07571927154225701,0.21978,0.13583,-0.07752
0.0759667201420683,-0.01975,0.05401,-0.06835
0.0762141687418796,-0.24928,-0.09295,-0.0428
0.0764616173416909,-0.29089,-0.19438,-0.09702
0.0767090659415022,-0.3916,-0.26096,-0.08811
0.0769565145413135,-0.58853,-0.49053,-0.03761
0.07720396314112479,-0.59966,-0.60302,-0.05581
0.07745141174093609,-0.53743,-0.70153,-0.10904
0.07769886034074738,-0.6121,-0.78036,-0.20235
0.07794630894055868,-0.22266,-0.77577,-0.27034
0.07819375754036999,0.04389,-0.82729,-0.33055
0.07844120614018128,-0.80328,-0.94807,-0.34445
0.07868865473999258,-0.96331,-1.34142,-0.33376
0.07893610333980387,0.39885,-1.45521,-0.59604
0.07918355193961517,0.87939,-1.41651,-0.69046
0.07943100053942646,-0.17032,-1.43888,-0.33394
0.07967844913923777,-0.59325,-1.24872,-0.24387
0.07992589773904907,0.05268,-0.92255,-0.42803
0.08017334633886036,0.20001,-0.29186,-0.35968
0.08042079493867166,-0.26277,0.02603,-0.07867
0.08066824353848295,-0.43151,0.01108,-0.08264
0.08091569213829425,-0.42453,-0.1912,-0.17731
0.08116314073810556,-0.58667,-0.43268,0.24023
0.08141058933791685,-0.40055,-0.36833,0.42093
0.08165803793772815,0.17839,-0.64437,-0.01177
0.08190548653753944,0.16171,-0.8584,-0.37556
0.08215293513735074,-0.13228,-0.6425,-0.3305
0.08240038373716203,0.15929,-0.29658,0.14554
0.08264783233697333,0.64679,-0.03613,0.33058
0.08289528093678464,0.71633,-0.03432,0.17361
0.08314272953659593,0.53356,0.13991,0.29513
0.08339017813640723,0.59172,0.09163,0.44097
0.08363762673621852,0.64926,-0.32123,0.65381
0.08388507533602982,0.36526,-0.39555,0.83582
0.08413252393584111,0.01846,-0.34569,0.64098
0.08437997253565242,-0.15494,-0.29836,0.44276
0.08462742113546372,-0.09487,-0.08836,0.41625
0.08487486973527501,0.10847,0.4089,0.52015
0.08512231833508631,0.18028,1.07309,0.63883
0.0853697669348976,0.03812,1.31719,0.67055
0.0856172155347089,-0.08041,1.41813,0.75964
0.08586466413452021,-0.07282,1.42513,0.79776
0.0861121127343315,0.07764,1.16641,0.74594
0.0863595613341428,0.24128,0.90266,0.70694
0.0866070099339541,0.15224,0.47115,0.67445
0.08685445853376539,0.07442,0.11507,0.74009
0.08710190713357668,0.32068,-0.14132,0.70682
0.08734935573338799,0.57546,-0.13855,0.44838
0.08759680433319929,0.52447,-0.00253,0.23134
0.08784425293301058,0.34295,-0.05259,0.11449
0.08809170153282188,0.25854,0.14462,0.1682
0.08833915013263317,0.37239,0.34276,0.26131
0.08858659873244447,0.46249,0.5405,0.1676
0.08883404733225576,0.2087,0.54141,0.12563
0.08908149593206707,-0.06727,0.53213,0.09675
0.08932894453187837,-0.05002,0.64028,0.02822
0.08957639313168966,0.12785,0.46315,0.02349
0.08982384173150096,0.19657,0.48461,-0.06833
0.09007129033131225,0.01022,0.24973,-0.10516
0.09031873893112355,-0.30287,0.03809,-0.11509
0.09056618753093486,-0.35044,-0.13854,-0.21645
0.09081363613074615,-0.04544,-0.12789,-0.17283
0.09106108473055745,-0.03896,0.67385,-0.20312
0.09130853333036874,-0.2954,1.11178,-0.32522
0.09155598193018004,-0.33436,1.70845,-0.30732
0.09180343052999133,-0.23793,2.23052,-0.38391
0.09205087912980264,0.00172,2.26526,-0.42452
0.09229832772961394,0.11306,2.02214,-0.37577
0.09254577632942523,-0.04594,0.90281,-0.56824
0.09279322492923653,-0.17759,-0.01333,-0.78688
0.09304067352904782,-0.33135,-0.96503,-0.78422
0.09328812212885912,-0.34274,-1.5896,-0.73912
0.09353557072867043,-0.18196,-1.4716,-0.73263
0.09378301932848172,-0.32128,-1.50659,-0.82663
0.09403046792829302,-0.37506,-1.20308,-0.9454
0.09427791652810431,0.07431,-1.01411,-0.7589
0.09452536512791561,-0.11922,-0.66255,-0.50946
0.0947728137277269,-0.34085,-0.62179,-0.37534
0.09502026232753821,1.07053,-1.14018,-0.252
0.09526771092734951,1.37271,-1.02715,-0.29799
0.0955151595271608,-0.9117,-1.15003,0.04836
0.0957626081269721,-1.79978,-1.0659,0.48461
0.0960100567267834,-0.34688,-0.6296,0.06884
0.09625750532659469,0.21592,-0.0639,-0.21685
0.09650495392640598,-0.38436,0.5806,0.0924
0.0967524025262173,-0.21639,0.40733,0.26179
0.09699985112602859,0.17182,0.39351,0.42938
0.09724729972583988,-0.03633,0.36373,0.65976
0.09749474832565118,0.06959,0.14085,0.67939
0.09774219692546247,0.15571,-0.28934,0.64542
0.09798964552527377,-0.56078,-1.01306,0.67656
0.09823709412508508,-0.92903,-1.03955,0.72247
0.09848454272489637,0.21585,-1.05079,0.67944
0.09873199132470767,1.13265,-1.01741,0.4335
0.09897943992451896,0.26652,-1.18867,0.33978
0.09922688852433026,-0.31261,-1.34846,0.36992
0.09947433712414155,0.45165,-0.936,0.16403
0.09972178572395286,0.95752,-0.94402,0.2635
0.09996923432376416,0.61483,-0.70431,0.58025
0.10021668292357545,0.21886,-0.47793,0.48527
0.10046413152338675,0.10568,-0.41686,0.19489
0.10071158012319804,0.16578,-0.08559,0.01196
0.10095902872300934,0.53812,0.16489,0.19471
0.10120647732282065,0.6134,0.54456,0.44747
0.10145392592263194,0.03999,0.44051,0.34279
0.10170137452244324,-0.22768,0.43082,0.14971
0.10194882312225453,0.14517,0.80696,0.03233
0.10219627172206583,0.3797,0.84932,0.12856
0.10244372032187712,-0.06011,0.88205,0.25705
0.10269116892168842,-0.57969,0.85624,0.07209
0.10293861752149973,-0.628,0.86755,-0.13268
0.10318606612131102,-0.36895,0.74787,-0.09763
0.10343351472112232,-0.12047,0.50862,0.01926
0.10368096332093361,-0.26365,0.42135,-0.12833
0.10392841192074491,-0.45294,0.0394,-0.44315
0.1041758605205562,-0.16924,-0.25957,-0.46748
0.10442330912036751,0.1766,-0.19943,-0.26184
0.10467075772017881,0.08645,-0.2079,-0.19203
0.1049182063199901,-0.26788,-0.21355,-0.4075
0.1051656549198014,-0.21933,-0.01691,-0.65846
0.1054131035196127,0.36515,0.49284,-0.59446
0.10566055211942399,0.68806,0.96974,-0.33841
0.1059080007192353,0.52441,1.17004,-0.28645
0.1061554493190466,0.34557,1.3319,-0.46449
0.10640289791885789,0.33295,1.20644,-0.55028
0.10665034651866918,0.31685,0.88959,-0.35205
0.10689779511848048,0.09489,0.59046,-0.19089
0.10714524371829177,-0.30948,0.13658,-0.32791
0.10739269231810308,-0.69168,-0.26581,-0.45726
0.10764014091791438,-0.76781,-0.44408,-0.35851
0.10788758951772567,-0.56524,-0.24208,-0.06115
0.10813503811753697,-0.34136,0.12446,0.05413
0.10838248671734826,-0.27035,0.4401,-0.16641
0.10862993531715956,-0.30858,0.90223,-0.19379
0.10887738391697085,-0.10227,1.31502,0.03327
0.10912483251678216,0.09687,1.53495,0.25176
0.10937228111659346,0.05157,1.52774,0.3099
0.10961972971640475,-0.00526,1.34859,0.0933
0.10986717831621605,-0.09771,1.01257,-0.04928
0.11011462691602734,0.04423,0.53218,0.01221
0.11036207551583864,0.23225,0.25528,0.02522
0.11060952411564995,0.078,0.11846,-0.02978
0.11085697271546124,0.04666,-0.00585,-0.10151
0.11110442131527254,0.30108,-0.01943,-0.06354
0.11135186991508383,0.46961,0.03784,-0.00602
0.11159931851489513,0.32852,0.1963,-0.05182
0.11184676711470642,0.19811,0.20762,-0.04423
0.11209421571451773,0.274,0.1337,0.00426
0.11234166431432903,0.31102,0.19434,0.10154
0.11258911291414032,0.3219,0.15413,0.10904
0.11283656151395162,0.3012,0.09391,-0.08856
0.11308401011376291,0.23246,-0.06727,-0.17693
0.11333145871357421,0.07804,-0.17834,-0.13141
0.11357890731338552,-0.08053,-0.17785,-0.09161
0.11382635591319681,-0.11634,-0.2283,-0.05491
0.11407380451300811,-0.26906,-0.21499,-0.08994
0.1143212531128194,-0.37516,-0.41874,-0.13577
0.1145687017126307,-0.39434,-0.42899,-0.11294
0.114816150312442,-0.53466,-0.48936,-0.13024
0.11506359891225329,-0.67065,-0.7477,-0.18074
0.1153110475120646,-0.42679,-0.77297,-0.17155
0.1155584961118759,0.06702,-0.81823,-0.26302
0.11580594471168719,-0.57263,-0.7685,-0.38988
0.11605339331149848,-1.36311,-1.19755,-0.33911
0.11630084191130978,-0.25413,-1.53173,-0.50582
0.11654829051112107,0.91084,-1.45269,-0.78453
0.11679573911093238,0.27544,-1.51433,-0.48085
0.11704318771074368,-0.53507,-1.33259,-0.1306
0.11729063631055497,-0.121,-1.18687,-0.32489
0.11753808491036627,0.24232,-0.60621,-0.45104
0.11778553351017756,-0.10252,-0.02218,-0.18636
0.11803298210998886,-0.18759,0.04561,-0.03725
0.11828043070980017,-0.22102,-0.08915,-0.14304
0.11852787930961146,-0.5916,-0.47561,0.13339
0.11877532790942276,-0.62349,-0.37004,0.52187
0.11902277650923405,0.1288,-0.42676,0.21314
0.11927022510904535,0.39432,-0.82926,-0.37156
0.11951767370885664,-0.29558,-0.83162,-0.48409
0.11976512230866795,-0.18547,-0.5085,-0.00238
0.12001257090847925,0.56823,-0.11425,0.38107
0.12026001950829054,0.65405,-0.08549,0.28183
0.12050746810810184,0.36471,0.03194,0.22468
0.12075491670791313,0.43522,0.13879,0.34176
0.12100236530772443,0.75223,-0.20767,0.58547
0.12124981390753573,0.63421,-0.425,0.89475
0.12149726250734703,0.22096,-0.37402,0.86787
0.12174471110715833,-0.09558,-0.36524,0.51302
0.12199215970696962,-0.1984,-0.34708,0.37763
0.12223960830678092,0.02443,0.11538,0.48998
0.12248705690659221,0.23309,0.86624,0.56159
0.12273450550640351,0.20659,1.22593,0.69815
0.12298195410621482,0.03143,1.32184,0.79224
0.12322940270602611,-0.04762,1.42683,0.86021
0.12347685130583741,0.05387,1.3725,0.9194
0.1237242999056487,0.13441,1.10413,0.75379
0.12397174850546,0.17486,0.71421,0.63004
0.1242191971052713,0.15171,0.37367,0.71652
0.1244666457050826,0.24719,0.01236,0.81786
0.1247140943048939,0.49315,-0.10915,0.71321
0.1249615429047052,0.55021,-0.00497,0.37005
0.1252089915045165,0.4366,-0.0405,0.09666
0.1254564401043278,0.2799,0.09554,0.14269
0.1257038887041391,0.32515,0.25715,0.31923
0.1259513373039504,0.4707,0.46494,0.31407
0.12619878590376168,0.31106,0.51301,0.23356
0.12644623450357298,0.05996,0.47613,0.16429
0.12669368310338427,-0.06567,0.64326,0.06484
0.12694113170319557,-0.03469,0.40456,0.05192
0.12718858030300687,0.10277,0.36926,-0.00842
0.12743602890281816,0.17131,0.30177,-0.07971
0.12768347750262946,-0.01773,0.01934,-0.04837
0.12793092610244075,-0.38875,-0.13189,-0.13045
0.12817837470225205,-0.28986,-0.32209,-0.20175
0.12842582330206337,-0.0099,0.34187,-0.21286
0.12867327190187466,-0.18165,1.02162,-0.26796
0.12892072050168596,-0.40101,1.51114,-0.27264
0.12916816910149725,-0.43967,2.19524,-0.3224
0.12941561770130855,-0.25008,2.34195,-0.34958
0.12966306630111984,0.0892,2.21244,-0.33103
0.12991051490093114,0.10575,1.35845,-0.49988
0.13015796350074244,-0.16843,0.23905,-0.7697
0.13040541210055373,-0.34026,-0.68632,-0.81913
0.13065286070036503,-0.28877,-1.55392,-0.68799
0.13090030930017632,-0.13271,-1.57903,-0.69068
0.13114775789998762,-0.19591,-1.50908,-0.81882
0.13139520649979894,-0.48694,-1.39098,-0.98305
0.13164265509961023,-0.13605,-1.04945,-0.95969
0.13189010369942153,0.35383,-0.83047,-0.63592
0.13213755229923282,-0.29866,-0.57045,-0.43598
0.13238500089904412,0.04446,-1.07716,-0.37195
0.13263244949885541,1.66901,-1.31533,-0.41905
0.1328798980986667,0.66063,-1.11749,-0.31515
0.133127346698478,-1.84834,-1.27085,0.30558
0.1333747952982893,-1.62135,-0.95738,0.30502
0.1336222438981006,-0.00229,-0.52654,-0.31927
0.1338696924979119,-0.04829,0.22769,-0.16356
0.13411714109772319,-0.55104,0.55957,0.24572
0.13436458969753448,-0.07922,0.26109,0.28373
0.1346120382973458,0.1229,0.27294,0.39811
0.1348594868971571,-0.03925,0.1083,0.55161
0.1351069354969684,0.08442,-0.00038,0.66974
0.1353543840967797,-0.08039,-0.59256,0.66646
0.13560183269659098,-0.77747,-1.09384,0.56401
0.13584928129640228,-0.65713,-1.01796,0.57373
0.13609672989621358,0.72599,-1.06322,0.43701
0.13634417849602487,0.99376,-1.06426,0.25819
0.13659162709583617,-0.0036,-1.38133,0.29162
0.13683907569564746,0.02938,-1.21527,0.20413
0.13708652429545876,0.85471,-0.93779,0.10075
0.13733397289527005,0.97453,-0.91565,0.34675
0.13758142149508137,0.4002,-0.55436,0.54842
0.13782887009489267,0.0342,-0.451,0.359
0.13807631869470396,-0.00074,-0.27908,0.07247
0.13832376729451526,0.29677,-0.04588,0.06122
0.13857121589432655,0.65865,0.34113,0.29389
0.13881866449413785,0.3959,0.4997,0.34506
0.13906611309394915,-0.0182,0.28487,0.20955
0.13931356169376044,-0.05967,0.55604,0.03263
0.13956101029357174,0.12031,0.83699,-0.03118
0.13980845889338303,0.04095,0.9625,0.16542
0.14005590749319433,-0.4655,0.89676,0.12591
0.14030335609300562,-0.74103,0.86574,-0.08763
0.14055080469281692,-0.59616,0.847,-0.08356
0.14079825329262824,-0.26271,0.57567,-0.02658
0.14104570189243953,-0.18391,0.45787,-0.0488
0.14129315049225083,-0.40458,0.1113,-0.32985
0.14154059909206212,-0.3154,-0.24564,-0.52859
0.14178804769187342,0.03905,-0.25764,-0.30862
0.14203549629168472,0.20258,-0.12256,-0.20684
0.142282944891496,-0.1111,-0.11455,-0.39034
0.1425303934913073,-0.41997,-0.2032,-0.63502
0.1427778420911186,0.02117,0.22866,-0.70594
0.1430252906909299,0.68363,0.79934,-0.41946
0.1432727392907412,0.7675,1.11644,-0.25376
0.1435201878905525,0.45293,1.22871,-0.39916
0.1437676364903638,0.3408,1.20458,-0.48547
0.1440150850901751,0.3674,1.08649,-0.38996
0.1442625336899864,0.21445,0.6974,-0.20325
0.1445099822897977,-0.09471,0.28502,-0.20517
0.144757430889609,-0.58369,-0.17638,-0.36295
0.14500487948942029,-0.84597,-0.45518,-0.36924
0.14525232808923158,-0.72914,-0.38865,-0.17089
0.14549977668904288,-0.54594,-0.16012,0.00266
0.14574722528885417,-0.38919,0.32931,-0.07398
0.14599467388866547,-0.38158,0.70418,-0.18593
0.14624212248847676,-0.22753,1.07392,-0.10421
0.14648957108828806,0.08949,1.37812,0.16837
0.14673701968809935,0.13522,1.4628,0.32506
0.14698446828791067,0.03192,1.46509,0.14107
0.14723191688772197,-0.01914,1.06789,-0.01183
0.14747936548753326,0.04291,0.66039,-0.03446
0.14772681408734456,0.22167,0.30018,0.01858
0.14797426268715586,0.29617,0.02616,0.07122
0.14822171128696715,0.15473,-0.03761,-0.05549
0.14846915988677845,0.12564,-0.12274,-0.08435
0.14871660848658974,0.35369,0.04361,-0.03378
0.14896405708640104,0.42493,0.19836,-0.03632
0.14921150568621233,0.26626,0.28723,0.02407
0.14945895428602363,0.17445,0.307,0.04479
0.14970640288583492,0.20089,0.16724,0.09053
0.14995385148564624,0.25844,0.14844,0.1352
0.15020130008545754,0.23075,0.04936,0.02101
0.15044874868526883,0.12372,-0.10659,-0.09823
0.15069619728508013,0.03649,-0.16789,-0.10777
0.15094364588489143,0.00668,-0.24258,-0.08022
0.15119109448470272,-0.02218,-0.30263,-0.06654
0.15143854308451402,-0.14291,-0.32477,-0.04893
0.1516859916843253,-0.2146,-0.35497,-0.06042
0.1519334402841366,-0.2723,-0.33467,-0.11018
0.1521808888839479,-0.45827,-0.42939,-0.0953
0.1524283374837592,-0.48009,-0.60215,-0.08699
0.1526757860835705,-0.31502,-0.65055,-0.1122
0.1529232346833818,-0.13076,-0.74199,-0.18274
0.1531706832831931,-0.48884,-0.87186,-0.36315
0.1534181318830044,-1.19291,-1.19527,-0.39704
0.1536655804828157,-0.5756,-1.48034,-0.44145
0.153913029082627,0.66274,-1.49707,-0.67684
0.1541604776824383,0.33966,-1.49153,-0.54678
0.15440792628224959,-0.55209,-1.38802,-0.18947
0.15465537488206088,-0.21247,-1.15385,-0.23448
0.15490282348187218,0.26441,-0.70469,-0.40526
0.15515027208168347,-0.0516,-0.16393,-0.31144
0.15539772068149477,-0.18671,0.11187,-0.09395
0.15564516928130606,-0.18113,-0.0418,-0.06715
0.15589261788111736,-0.44192,-0.3501,-0.08936
0.15614006648092868,-0.51226,-0.49313,0.24678
0.15638751508073997,-0.14147,-0.52714,0.2752
0.15663496368055127,0.15996,-0.68714,-0.26947
0.15688241228036257,-0.13423,-0.90228,-0.47575
0.15712986088017386,-0.13956,-0.58638,-0.16928
0.15737730947998516,0.41215,-0.17579,0.26396
0.15762475807979645,0.49189,-0.03086,0.34231
0.15787220667960775,0.23163,0.0459,0.11823
0.15811965527941904,0.41522,-0.0655,0.19122
0.15836710387923034,0.85177,-0.19837,0.49204
0.15861455247904163,0.8176,-0.46377,0.81661
0.15886200107885293,0.41114,-0.47897,0.87764
0.15910944967866422,0.05533,-0.34807,0.51742
0.15935689827847555,-0.14184,-0.34035,0.35171
0.15960434687828684,-0.03842,0.11274,0.48661
0.15985179547809814,0.14099,0.71849,0.57796
0.16009924407790943,0.09941,1.15104,0.64141
0.16034669267772073,-0.07495,1.31504,0.71793
0.16059414127753202,-0.08282,1.31952,0.89835
0.16084158987734332,0.03609,1.28973,0.9653
0.1610890384771546,0.03015,1.0134,0.72586
0.1613364870769659,0.08372,0.66251,0.56876
0.1615839356767772,0.18541,0.32534,0.67099
0.1618313842765885,0.29795,0.02244,0.87654
0.1620788328763998,0.4618,-0.08662,0.8261
0.16232628147621112,0.39926,-0.02194,0.3854
0.1625737300760224,0.256,0.00149,0.08832
0.1628211786758337,0.307,-0.00931,0.17031
0.163068627275645,0.48648,0.15604,0.35502
0.1633160758754563,0.50176,0.35726,0.33373
0.1635635244752676,0.30719,0.45034,0.13785
0.1638109730750789,0.13547,0.45624,0.10744
0.16405842167489018,0.00399,0.49125,0.09584
0.16430587027470148,-0.04419,0.59784,0.00907
0.16455331887451277,-0.10915,0.44413,-0.02303
0.16480076747432407,-0.12457,0.25533,-0.11858
0.16504821607413536,0.01248,0.0962,-0.02514
0.16529566467394666,-0.14518,-0.15157,0.00303
0.16554311327375798,-0.46456,-0.24644,-0.32756
0.16579056187356928,-0.29912,-0.38696,-0.35916
0.16603801047338057,0.10926,0.14666,-0.2284
0.16628545907319187,0.0218,0.96749,-0.16777
0.16653290767300316,-0.36768,1.49407,-0.19753
0.16678035627281446,-0.50542,2.24803,-0.5266
0.16702780487262575,-0.23027,2.41987,-0.61636
0.16727525347243705,0.27841,2.29099,-0.46417
0.16752270207224834,0.26204,1.51609,-0.44986
0.16777015067205964,-0.23585,0.18581,-0.65676
0.16801759927187093,-0.55879,-0.7444,-0.90743
0.16826504787168223,-0.48123,-1.65105,-0.86168
0.16851249647149355,-0.10022,-1.70844,-0.78248
0.16875994507130485,-0.05828,-1.53255,-0.83354
0.16900739367111614,-0.30023,-1.41621,-0.98613
0.16925484227092744,-0.23977,-1.0427,-0.94028
0.16950229087073873,-0.31591,-0.92306,-0.60169
0.16974973947055003,-0.03734,-0.87701,-0.49543
0.16999718807036132,1.36885,-1.3264,-0.54406
0.17024463667017262,1.2212,-1.54384,-0.51409
0.1704920852699839,-1.30542,-1.4739,-0.05105
0.1707395338697952,-1.77896,-1.43923,0.46824
0.1709869824696065,0.02837,-0.79562,0.02289
0.1712344310694178,0.13548,0.06819,-0.34251
0.1714818796692291,-0.70867,0.69763,0.03215
0.17172932826904042,-0.3306,0.82349,0.19221
0.1719767768688517,0.06024,0.72564,0.32342
0.172224225468663,-0.04409,0.6942,0.55122
0.1724716740684743,0.17182,0.42759,0.61537
0.1727191226682856,-0.00098,-0.27184,0.61226
0.1729665712680969,-0.76793,-0.93553,0.53719
0.1732140198679082,-0.64958,-1.19042,0.61051
0.17346146846771948,0.51655,-1.23099,0.60947
0.17370891706753078,0.98284,-1.24696,0.40303
0.17395636566734207,0.25265,-1.46645,0.31558
0.17420381426715337,-0.06222,-1.50787,0.17343
0.17445126286696466,0.54302,-1.32339,0.05903
0.17469871146677599,0.86568,-1.22476,0.32844
0.17494616006658728,0.55614,-1.06478,0.62749
0.17519360866639858,0.16877,-0.78067,0.48798
0.17544105726620987,0.00056,-0.47893,0.17457
0.17568850586602117,0.26116,-0.13697,0.09865
0.17593595446583246,0.60922,0.43598,0.26758
0.17618340306564376,0.40427,0.81045,0.36939
0.17643085166545505,-0.04948,0.78112,0.26836
0.17667830026526635,-0.11865,0.73273,0.15321
0.17692574886507764,0.09485,0.92255,0.0581
0.17717319746488894,0.11941,1.00266,0.13641
0.17742064606470023,-0.20134,0.73593,0.22837
0.17766809466451153,-0.57942,0.66692,0.03507
0.17791554326432285,-0.57357,0.70152,-0.03182
0.17816299186413415,-0.2007,0.63222,0.05575
0.17841044046394544,-0.02591,0.4788,0.06423
0.17865788906375674,-0.24979,0.28912,-0.11086
0.17890533766356803,-0.37909,0.07435,-0.45329
0.17915278626337933,-0.09526,-0.22977,-0.41976
0.17940023486319062,0.17449,-0.2741,-0.20165
0.17964768346300192,-0.01947,-0.30256,-0.22479
0.1798951320628132,-0.31937,-0.38449,-0.39893
0.1801425806626245,-0.20818,-0.15246,-0.64363
0.1803900292624358,0.29975,0.37079,-0.52479
0.1806374778622471,0.66831,0.93927,-0.23535
0.18088492646205842,0.56962,1.2472,-0.26418
0.18113237506186972,0.36592,1.38069,-0.40473
0.181379823661681,0.24958,1.30526,-0.40308
0.1816272722614923,0.1884,0.98658,-0.23678
0.1818747208613036,0.12609,0.57987,-0.19918
0.1821221694611149,-0.26376,0.06028,-0.31556
0.1823696180609262,-0.73104,-0.42495,-0.38032
0.1826170666607375,-0.78757,-0.61852,-0.26213
0.18286451526054878,-0.55335,-0.41752,-0.04105
0.18311196386036008,-0.4051,0.00057,-0.06534
0.18335941246017137,-0.39417,0.419,-0.15513
0.18360686105998267,-0.28429,0.86984,-0.14854
0.18385430965979396,-0.0767,1.26865,-0.02564
0.18410175825960529,0.09416,1.49465,0.22287
0.18434920685941658,0.03899,1.46414,0.23417
0.18459665545922788,-0.06249,1.1982,0.07253
0.18484410405903917,-0.00361,0.86465,-0.01041
0.18509155265885047,0.0745,0.4296,-0.02049
0.18533900125866176,0.22821,0.15443,0.00333
0.18558644985847306,0.18503,0.00696,-0.02169
0.18583389845828435,0.11072,-0.13524,-0.0694
0.18608134705809565,0.32951,-0.06839,-0.08888
0.18632879565790694,0.44619,0.06161,-0.11275
0.18657624425771824,0.34841,0.30252,-0.0717
0.18682369285752953,0.20475,0.32078,0.04988
0.18707114145734086,0.24471,0.20945,0.10196
0.18731859005715215,0.30226,0.26648,0.11269
0.18756603865696345,0.29979,0.17682,0.09178
0.18781348725677474,0.33374,0.09251,-5e-05
0.18806093585658604,0.15938,-0.08792,-0.0488
0.18830838445639733,0.01944,-0.16777,-0.04816
0.18855583305620863,-0.06211,-0.17298,-0.02793
0.18880328165601992,-0.18892,-0.32371,-0.03287
0.18905073025583122,-0.21629,-0.31551,-0.08597
0.1892981788556425,-0.27262,-0.45744,-0.09895
0.1895456274554538,-0.4112,-0.5169,-0.09404
0.1897930760552651,-0.54147,-0.53388,-0.08485
0.19004052465507643,-0.55416,-0.7389,-0.09431
0.19028797325488772,-0.47464,-0.69437,-0.16718
0.19053542185469902,-0.13369,-0.68128,-0.28131
0.1907828704545103,-0.24218,-0.7021,-0.43854
0.1910303190543216,-1.07742,-1.01562,-0.40127
0.1912777676541329,-0.63289,-1.40424,-0.41031
0.1915252162539442,0.72469,-1.31714,-0.72474
0.1917726648537555,0.56853,-1.45362,-0.649
0.1920201134535668,-0.38024,-1.44246,-0.27198
0.19226756205337808,-0.34157,-1.20637,-0.23407
0.19251501065318938,0.18589,-0.79672,-0.41494
0.19276245925300067,0.04193,-0.15911,-0.35182
0.19300990785281197,-0.31927,-0.07889,-0.06629
0.1932573564526233,-0.29772,-0.10625,-0.13785
0.1935048050524346,-0.41851,-0.39378,-0.07282
0.19375225365224588,-0.63967,-0.60714,0.30971
0.19399970225205718,-0.27688,-0.49174,0.14044
0.19424715085186847,0.27733,-0.83169,-0.26995
0.19449459945167977,-0.00046,-0.88541,-0.45144
0.19474204805149106,-0.32101,-0.63935,-0.2352
0.19498949665130236,0.24263,-0.21982,0.19807
0.19523694525111365,0.63516,0.12533,0.20961
0.19548439385092495,0.50779,0.07213,0.15657
0.19573184245073624,0.48212,0.16304,0.30177
0.19597929105054754,0.62872,-0.08904,0.45027
0.19622673965035886,0.61313,-0.37264,0.72797
0.19647418825017016,0.27706,-0.3725,0.79523
0.19672163684998145,0.0449,-0.44508,0.51298
0.19696908544979275,-0.09506,-0.30408,0.37496
0.19721653404960404,-0.1814,-0.00264,0.40548
0.19746398264941534,-0.00962,0.58214,0.45389
0.19771143124922663,0.14182,1.09768,0.60265
0.19795887984903793,0.08038,1.26094,0.74608
0.19820632844884922,-0.08372,1.37734,0.82918
0.19845377704866052,-0.06129,1.24335,0.83478
0.1987012256484718,0.09486,0.99282,0.71418
0.1989486742482831,0.15965,0.6936,0.63675
0.1991961228480944,0.20436,0.30042,0.70842
0.19944357144790573,0.22407,0.00221,0.79508
0.19969102004771702,0.35141,-0.17713,0.68612
0.19993846864752832,0.51687,-0.04128,0.38038
0.2001859172473396,0.47142,0.09123,0.1306
0.2004333658471509,0.35823,0.12717,0.14169
0.2006808144469622,0.36502,0.3075,0.28553
0.2009282630467735,0.48298,0.47617,0.26753
0.2011757116465848,0.3974,0.64651,0.20001
0.2014231602463961,0.09565,0.53372,0.18262
0.20167060884620738,-0.03569,0.50192,0.1034
0.20191805744601868,-0.04831,0.48198,0.07911
0.20216550604582997,-0.01176,0.27282,-0.00629
0.2024129546456413,0.02626,0.20512,-0.07556
0.2026604032454526,-0.05622,-0.11092,-0.02838
0.2029078518452639,-0.2588,-0.1551,-0.14535
0.20315530044507518,-0.28353,-0.26603,-0.18206
0.20340274904488648,0.06572,-0.02831,-0.16399
0.20365019764469777,-0.00285,0.90326,-0.20519
0.20389764624450907,-0.37821,1.36745,-0.16533
0.20414509484432036,-0.37179,2.05483,-0.28895
0.20439254344413166,-0.31543,2.42361,-0.38021
0.20463999204394295,-0.06545,2.45446,-0.32687
0.20488744064375425,0.19247,1.99767,-0.36325
0.20513488924356554,0.00068,0.66424,-0.59643
0.20538233784337684,-0.32602,-0.28032,-0.84592
0.20562978644318816,-0.41508,-1.33408,-0.79479
0.20587723504299946,-0.16605,-1.71225,-0.72119
0.20612468364281075,-0.06185,-1.60233,-0.74057
0.20637213224262205,-0.29364,-1.63029,-0.84789
0.20661958084243334,-0.30466,-1.24625,-0.98146
0.20686702944224464,0.04784,-1.11671,-0.72501
0.20711447804205593,-0.12871,-0.71384,-0.44297
0.20736192664186723,0.02663,-0.92352,-0.387
0.20760937524167852,1.44458,-1.37157,-0.40752
0.20785682384148982,0.8924,-1.14662,-0.39045
0.2081042724413011,-1.511,-1.24516,0.17755
0.2083517210411124,-1.41327,-0.94457,0.46164
0.20859916964092373,0.10142,-0.43266,-0.13898
0.20884661824073503,-0.08944,0.24155,-0.25499
0.20909406684054632,-0.6595,0.701,0.14907
0.20934151544035762,-0.09358,0.47489,0.30689
0.2095889640401689,0.09213,0.4718,0.43205
0.2098364126399802,-0.19122,0.29297,0.58187
0.2100838612397915,0.22774,-0.0136,0.64556
0.2103313098396028,0.10108,-0.56232,0.59779
0.2105787584394141,-0.85603,-1.11707,0.67309
0.2108262070392254,-0.66855,-1.1575,0.72112
0.21107365563903668,0.78513,-1.21666,0.44209
0.21132110423884798,0.99658,-1.21445,0.30935
0.21156855283865927,-0.20206,-1.43991,0.32274
0.2118160014384706,-0.0741,-1.42579,0.23478
0.2120634500382819,0.88708,-1.09836,0.18427
0.2123108986380932,0.88214,-1.00963,0.31917
0.21255834723790448,0.49957,-0.69717,0.64987
0.21280579583771578,0.21033,-0.47877,0.52771
0.21305324443752707,-0.01196,-0.24418,0.06104
0.21330069303733837,0.13829,0.07719,0.09911
0.21354814163714966,0.62916,0.40658,0.34277
0.21379559023696096,0.4962,0.63982,0.42973
0.21404303883677225,-0.18062,0.42042,0.34099
0.21429048743658355,-0.17841,0.56849,0.03916
0.21453793603639484,0.25774,0.84351,0.01015
0.21478538463620617,0.35211,0.87901,0.22482
0.21503283323601746,-0.19193,0.86849,0.2242
0.21528028183582876,-0.70118,0.78063,0.03972
0.21552773043564005,-0.50693,0.85275,-0.11339
0.21577517903545135,-0.18213,0.60941,0.00027
0.21602262763526264,-0.13844,0.41483,0.09304
0.21627007623507394,-0.40954,0.26336,-0.22685
0.21651752483488523,-0.43445,-0.1677,-0.5168
0.21676497343469653,0.00667,-0.26652,-0.39891
0.21701242203450782,0.19317,-0.23366,-0.15568
0.21725987063431912,-0.07156,-0.16428,-0.21392
0.21750731923413041,-0.44645,-0.13363,-0.56988
0.2177547678339417,-0.21823,0.11234,-0.75748
0.21800221643375303,0.47954,0.72571,-0.50379
0.21824966503356433,0.73364,1.11035,-0.19758
0.21849711363337562,0.47756,1.29599,-0.3214
0.21874456223318692,0.18852,1.28364,-0.5566
0.2189920108329982,0.22392,1.08364,-0.48861
0.2192394594328095,0.27647,0.78472,-0.2744
0.2194869080326208,0.03119,0.35834,-0.1795
0.2197343566324321,-0.38,-0.11657,-0.37235
0.2199818052322434,-0.75207,-0.46872,-0.51104
0.2202292538320547,-0.74292,-0.47987,-0.28992
0.22047670243186598,-0.52945,-0.25132,-0.07317
0.22072415103167728,-0.40735,0.15418,-0.08478
0.2209715996314886,-0.34771,0.6385,-0.2158
0.2212190482312999,-0.23052,1.0814,-0.24168
0.2214664968311112,0.08419,1.39679,0.0519
0.2217139454309225,0.1131,1.47486,0.27492
0.22196139403073378,-0.10943,1.47692,0.10415
0.22220884263054508,-0.04209,1.25552,-0.0342
0.22245629123035637,0.04268,0.7798,-0.04611
0.22270373983016767,0.08865,0.38817,-0.02642
0.22295118842997896,0.14767,0.09355,0.02605
0.22319863702979026,0.15503,0.02191,-0.11974
0.22344608562960155,0.18641,-0.04376,-0.15963
0.22369353422941285,0.28194,-0.10185,-0.03783
0.22394098282922414,0.43256,0.14137,-0.06646
0.22418843142903547,0.33917,0.26878,-0.02732
0.22443588002884676,0.24436,0.353,-0.00757
0.22468332862865806,0.26939,0.27277,0.01581
0.22493077722846935,0.23993,0.13206,0.13132
0.22517822582828065,0.32406,0.21787,0.05252
0.22542567442809194,0.22519,0.02753,-0.05442
0.22567312302790324,-0.03195,-0.08191,-0.12064
0.22592057162771453,-0.11661,-0.18369,-0.07981
0.22616802022752583,-0.00594,-0.3175,0.03547
0.22641546882733712,-0.03496,-0.25279,-0.03669
0.22666291742714842,-0.35138,-0.40478,-0.04131
0.22691036602695971,-0.41394,-0.40387,-0.0641
0.22715781462677104,-0.36204,-0.41002,-0.08076
0.22740526322658233,-0.44481,-0.55543,0.02084
0.22765271182639363,-0.49227,-0.58546,-0.05941
0.22790016042620492,-0.23878,-0.694,-0.13812
0.22814760902601622,-0.05961,-0.66438,-0.2965
0.2283950576258275,-0.93104,-0.8637,-0.42819
0.2286425062256388,-1.16369,-1.32239,-0.32016
0.2288899548254501,0.33856,-1.42597,-0.51806
0.2291374034252614,0.88874,-1.42723,-0.69624
0.2293848520250727,-0.15943,-1.3779,-0.4092
0.229632300624884,-0.53154,-1.25762,-0.19215
0.22987974922469528,0.03663,-1.01375,-0.29297
0.23012719782450658,0.06135,-0.40803,-0.37859
0.2303746464243179,-0.22581,-0.02103,-0.17103
0.2306220950241292,-0.22278,-0.03699,-0.08187
0.2308695436239405,-0.43978,-0.3049,-0.1545
0.2311169922237518,-0.5859,-0.59216,0.1849
0.23136444082356308,-0.31989,-0.54099,0.35121
0.23161188942337438,0.10998,-0.61477,-0.0948
0.23185933802318567,0.08521,-0.82466,-0.45935
0.23210678662299697,-0.23376,-0.76308,-0.36068
0.23235423522280826,0.16598,-0.36988,0.09241
0.23260168382261956,0.55346,0.00302,0.33542
0.23284913242243085,0.37794,0.13089,0.18507
0.23309658102224215,0.3427,0.17703,0.16113
0.23334402962205347,0.60369,0.01556,0.36743
0.23359147822186477,0.78774,-0.23644,0.69036
0.23383892682167606,0.49729,-0.40602,0.91916
0.23408637542148736,0.1402,-0.3641,0.70828
0.23433382402129865,-0.08307,-0.3258,0.39643
0.23458127262110995,-0.15133,-0.19272,0.40009
0.23482872122092124,0.06363,0.39731,0.51878
0.23507616982073254,0.1921,0.90173,0.62943
0.23532361842054383,0.15717,1.24967,0.71682
0.23557106702035513,0.00304,1.34433,0.84516
0.23581851562016642,0.04821,1.26889,0.95533
0.23606596421997772,0.20273,1.18143,0.85272
0.23631341281978901,0.09346,0.81601,0.69477
0.23656086141960034,0.06322,0.52945,0.65931
0.23680831001941163,0.19754,0.19377,0.84312
0.23705575861922293,0.37751,-0.01983,0.93065
0.23730320721903422,0.37874,0.01417,0.60547
0.23755065581884552,0.2923,-0.02474,0.20771
0.2377981044186568,0.37086,0.06695,0.08533
0.2380455530184681,0.42645,0.22275,0.29199
0.2382930016182794,0.53457,0.37475,0.42115
0.2385404502180907,0.51869,0.4596,0.30794
0.238787898817902,0.27447,0.48187,0.18193
0.2390353474177133,0.09898,0.5562,0.10514
0.23928279601752458,0.02754,0.55742,0.14305
0.2395302446173359,-0.01416,0.39259,0.09414
0.2397776932171472,-0.07031,0.29381,-0.03841
0.2400251418169585,0.04924,0.17503,-0.02366
0.2402725904167698,0.00785,-0.07886,-0.00052
0.2405200390165811,-0.47357,-0.1946,-0.1137
0.24076748761639238,-0.40813,-0.30593,-0.28656
0.24101493621620368,0.17887,0.07765,-0.27618
0.24126238481601497,0.17532,0.88589,-0.11029
0.24150983341582627,-0.3263,1.51307,-0.12617
0.24175728201563756,-0.60764,2.17667,-0.32744
0.24200473061544886,-0.35826,2.43671,-0.51588
0.24225217921526015,0.19285,2.35429,-0.48466
0.24249962781507145,0.35868,1.76489,-0.33773
0.24274707641488277,-0.03725,0.44969,-0.57826
0.24299452501469407,-0.34274,-0.65055,-0.85427
0.24324197361450536,-0.35838,-1.49734,-0.78923
0.24348942221431666,-0.22548,-1.71371,-0.74116
0.24373687081412795,-0.06559,-1.49745,-0.7065
0.24398431941393925,-0.37334,-1.43561,-0.9003
0.24423176801375054,-0.36106,-1.10811,-1.04754
0.24447921661356184,0.12822,-0.87162,-0.62632
0.24472666521337313,-0.22274,-0.68582,-0.38906
0.24497411381318443,0.10314,-0.96326,-0.44977
0.24522156241299572,1.52502,-1.41856,-0.50729
0.24546901101280702,0.73613,-1.27065,-0.40159
0.24571645961261834,-1.53603,-1.27834,0.27027
0.24596390821242964,-1.48214,-0.96871,0.4218
0.24621135681224093,-0.09652,-0.37287,-0.20036
0.24645880541205223,-0.0618,0.24933,-0.22266
0.24670625401186352,-0.37572,0.77001,0.11838
0.24695370261167482,-0.08539,0.55709,0.26927
0.24720115121148611,-0.02262,0.44492,0.44219
0.2474485998112974,-0.03754,0.35221,0.56176
0.2476960484111087,0.17111,0.00626,0.60457
0.24794349701092,-0.06319,-0.53368,0.59451
0.2481909456107313,-0.79953,-1.15667,0.58524
0.2484383942105426,-0.56316,-1.19173,0.53716
0.24868584281035389,0.7398,-1.1069,0.39703
0.2489332914101652,0.90929,-1.21549,0.29375
0.2491807400099765,0.07562,-1.37866,0.26125
0.2494281886097878,0.14244,-1.32401,0.23256
0.2496756372095991,0.80675,-1.0413,0.11918
0.2499230858094104,0.90734,-0.93563,0.3026
0.25017053440922166,0.47982,-0.72932,0.61382
0.250417983009033,0.07169,-0.43932,0.38934
0.2506654316088443,-0.10233,-0.2849,0.11489
0.2509128802086556,0.20743,0.02934,0.08205
0.2511603288084669,0.56002,0.46787,0.19767
0.2514077774082782,0.27091,0.61003,0.40028
0.2516552260080895,-0.11607,0.5641,0.24565
0.2519026746079008,-0.1161,0.60515,0.01463
0.2521501232077121,0.12272,0.88813,0.05847
0.25239757180752337,0.08444,1.05539,0.12832
0.25264502040733466,-0.37466,0.90685,0.10257
0.25289246900714596,-0.62568,0.91144,-0.01177
0.25313991760695725,-0.42586,0.78564,-0.02945
0.25338736620676855,-0.04803,0.6875,0.10596
0.25363481480657984,-0.16688,0.51897,-0.03773
0.25388226340639114,-0.57051,0.04662,-0.43258
0.25412971200620244,-0.3865,-0.25073,-0.51289
0.25437716060601373,0.14202,-0.37757,-0.27004
0.254624609205825,0.23178,-0.20701,-0.13686
0.2548720578056363,-0.28733,-0.27668,-0.40517
0.2551195064054476,-0.50522,-0.28959,-0.75604
0.2553669550052589,0.02567,0.26171,-0.69968
0.2556144036050702,0.64653,0.80344,-0.35812
0.2558618522048815,0.74974,1.20981,-0.18973
0.2561093008046928,0.42699,1.2774,-0.4022
0.2563567494045041,0.30624,1.28168,-0.55155
0.25660419800431544,0.31732,1.10684,-0.37943
0.25685164660412674,0.19881,0.71069,-0.19505
0.25709909520393803,-0.12702,0.32944,-0.22923
0.25734654380374933,-0.63554,-0.19324,-0.44648
0.2575939924035606,-0.80627,-0.48694,-0.40216
0.2578414410033719,-0.6893,-0.46299,-0.11731
0.2580888896031832,-0.62664,-0.09674,-0.06619
0.2583363382029945,-0.56838,0.32189,-0.1638
0.2585837868028058,-0.36958,0.63642,-0.23246
0.2588312354026171,-0.07111,1.05011,-0.06873
0.2590786840024284,0.1163,1.35087,0.23213
0.2593261326022397,0.14348,1.48613,0.21617
0.259573581202051,0.00593,1.32804,0.09872
0.2598210298018623,-0.03148,1.0196,0.00511
0.2600684784016736,0.17167,0.70592,-0.00518
0.26031592700148487,0.27569,0.31454,0.13807
0.26056337560129617,0.21452,0.10813,0.00161
0.26081082420110746,0.15442,0.03274,-0.0741
0.26105827280091876,0.20647,0.01901,0.02416
0.26130572140073005,0.27766,0.12681,-0.00048
0.26155317000054135,0.29019,0.25271,0.0607
0.26180061860035264,0.28293,0.40843,0.01517
0.26204806720016394,0.22301,0.35527,0.0802
0.26229551579997523,0.25179,0.20019,0.24003
0.2625429643997865,0.31503,0.16605,0.13592
0.2627904129995979,0.27869,0.03234,0.07745
0.2630378615994092,0.22305,-0.07048,-0.01282
0.26328531019922047,0.1695,-0.16395,-0.03683
0.26353275879903176,0.12695,-0.23435,0.08921
0.26378020739884306,-0.05284,-0.29876,0.03545
0.26402765599865435,-0.22069,-0.40303,-0.02702
0.26427510459846565,-0.2443,-0.33477,-0.06031
0.26452255319827694,-0.35867,-0.37609,-0.07525
0.26477000179808824,-0.42651,-0.45384,-0.00392
0.26501745039789953,-0.44727,-0.52334,-0.04976
0.26526489899771083,-0.52718,-0.62203,-0.11912
0.2655123475975221,-0.28424,-0.59598,-0.17477
0.2657597961973334,-0.12526,-0.67093,-0.34006
0.2660072447971447,-0.84759,-0.87962,-0.39155
0.266254693396956,-1.07788,-1.22672,-0.33984
0.2665021419967673,0.16833,-1.36497,-0.47384
0.2667495905965786,0.75241,-1.34025,-0.60689
0.2669970391963899,-0.03633,-1.38941,-0.41733
0.2672444877962012,-0.35194,-1.24219,-0.24268
0.2674919363960125,0.07483,-0.93266,-0.34893
0.2677393849958238,0.1083,-0.4188,-0.33308
0.2679868335956351,-0.26582,-0.12119,-0.11028
0.26823428219544637,-0.25433,-0.14549,-0.11839
0.26848173079525767,-0.17155,-0.28406,-0.2194
0.26872917939506896,-0.61916,-0.57262,0.10164
0.2689766279948803,-0.67681,-0.55822,0.35868
0.2692240765946916,0.08664,-0.55799,-0.00341
0.2694715251945029,0.29106,-0.74586,-0.48652
0.2697189737943142,-0.14218,-0.64514,-0.3844
0.2699664223941255,0.07756,-0.32521,0.14552
0.2702138709939368,0.58027,0.05584,0.33169
0.2704613195937481,0.49751,0.14475,0.24683
0.2707087681935594,0.40159,0.07677,0.20295
0.2709562167933707,0.68674,0.05364,0.38147
0.27120366539318197,0.72303,-0.27612,0.74804
0.27145111399299326,0.35043,-0.42182,0.78742
0.27169856259280456,0.08173,-0.36796,0.64753
0.27194601119261586,0.03931,-0.29341,0.47939
0.27219345979242715,-0.08739,0.00336,0.44669
0.27244090839223845,-0.15111,0.36406,0.60444
0.27268835699204974,0.07599,0.97649,0.55311
0.27293580559186104,0.16014,1.29751,0.67856
0.27318325419167233,0.01746,1.31743,0.9078
0.2734307027914836,-0.05872,1.30523,0.89618
0.2736781513912949,0.05998,0.9812,0.83671
0.2739255999911062,0.28029,0.76659,0.62321
0.2741730485909175,0.33667,0.41749,0.62426
0.2744204971907288,0.2996,0.10371,0.85578
0.2746679457905401,0.28454,-0.04842,0.78839
0.2749153943903514,0.37887,-0.15121,0.5275
0.27516284299016275,0.43649,0.06515,0.19792
0.27541029158997404,0.35996,0.07485,0.11382
0.27565774018978534,0.39425,0.22002,0.29424
0.27590518878959663,0.42078,0.47338,0.28448
0.27615263738940793,0.38689,0.5441,0.18673
0.2764000859892192,0.24213,0.63538,0.1005
0.2766475345890305,0.02571,0.50361,0.1027
0.2768949831888418,-0.0141,0.55737,0.10122
0.2771424317886531,-0.02431,0.45628,-0.02226
0.2773898803884644,-0.01324,0.18895,-0.06773
0.2776373289882757,0.08161,0.07976,-0.0964
0.277884777588087,-0.0331,-0.1547,-0.07057
0.2781322261878983,-0.44488,-0.20582,-0.19498
0.2783796747877096,-0.38432,-0.35354,-0.3572
0.2786271233875209,0.12801,0.04773,-0.22946
0.2788745719873322,0.01756,0.9014,-0.23457
0.27912202058714347,-0.3695,1.43942,-0.30836
0.27936946918695477,-0.47499,2.17697,-0.44577
0.27961691778676606,-0.31138,2.4472,-0.66897
0.27986436638657736,0.16997,2.42377,-0.4574
0.28011181498638865,0.28073,1.81395,-0.34374
0.28035926358619995,-0.08831,0.49547,-0.7498
0.28060671218601124,-0.47944,-0.50456,-0.92949
0.28085416078582254,-0.53756,-1.49442,-0.87362
0.28110160938563383,-0.13969,-1.7089,-0.78573
0.2813490579854452,-0.08429,-1.56545,-0.6881
0.2815965065852565,-0.37758,-1.53468,-0.98589
0.2818439551850678,-0.19469,-1.21352,-1.04772
0.28209140378487907,-0.13804,-1.01481,-0.65967
0.28233885238469036,-0.38764,-0.76059,-0.48799
0.28258630098450166,0.72011,-1.10605,-0.40086
0.28283374958431295,1.6219,-1.38853,-0.4829
0.28308119818412425,-0.34246,-1.28752,-0.24768
0.28332864678393554,-1.79832,-1.30154,0.41913
0.28357609538374684,-0.56381,-0.75679,0.24515
0.28382354398355814,0.13793,-0.09797,-0.27172
0.28407099258336943,-0.44919,0.56237,-0.11212
0.2843184411831807,-0.41158,0.79394,0.16655
0.284565889782992,0.11663,0.63758,0.31235
0.2848133383828033,0.02157,0.67326,0.51054
0.2850607869826146,-0.01133,0.39068,0.62602
0.2853082355824259,0.23644,-0.08311,0.62031
0.2855556841822372,-0.26517,-0.72154,0.64153
0.2858031327820485,-0.81852,-1.1682,0.68718
0.2860505813818598,-0.16927,-1.24829,0.62008
0.2862980299816711,0.84588,-1.26703,0.45421
0.2865454785814824,0.55061,-1.32731,0.3243
0.2867929271812937,-0.14846,-1.51916,0.34782
0.287040375781105,0.2889,-1.32586,0.27341
0.28728782438091627,0.88952,-1.05629,0.17547
0.2875352729807276,0.80615,-0.93261,0.46851
0.2877827215805389,0.31907,-0.67181,0.62051
0.2880301701803502,-0.00232,-0.46376,0.3742
0.2882776187801615,0.17398,-0.15298,0.12876
0.2885250673799728,0.51156,0.19563,0.13886
0.2887725159797841,0.59617,0.52316,0.415
0.2890199645795954,0.20467,0.65716,0.4129
0.2892674131794067,-0.1954,0.54374,0.20798
0.289514861779218,-0.1209,0.71349,0.11631
0.2897623103790293,0.12261,0.89691,0.07061
0.29000975897884057,0.05103,0.85895,0.20773
0.29025720757865187,-0.41298,0.80134,0.1746
0.29050465617846316,-0.61314,0.76504,-0.04497
0.29075210477827446,-0.35869,0.73067,-0.02572
0.29099955337808575,-0.15033,0.51693,0.03716
0.29124700197789705,-0.19647,0.35595,-0.02251
0.29149445057770834,-0.38463,0.1525,-0.30662
0.29174189917751964,-0.25313,-0.17096,-0.56635
0.29198934777733093,0.11663,-0.24044,-0.29975
0.2922367963771422,0.11711,-0.25265,-0.10503
0.2924842449769535,-0.22561,-0.27774,-0.3608
0.2927316935767648,-0.40163,-0.19147,-0.61372
0.2929791421765761,0.04951,0.21088,-0.67846
0.2932265907763874,0.60334,0.78103,-0.37075
0.2934740393761987,0.62211,1.1093,-0.22776
0.29372148797601005,0.37433,1.29517,-0.44518
0.29396893657582135,0.16395,1.26122,-0.45072
0.29421638517563264,0.18709,1.04058,-0.40252
0.29446383377544394,0.19862,0.67407,-0.20272
0.29471128237525523,-0.0835,0.18013,-0.17563
0.29495873097506653,-0.5126,-0.26571,-0.46438
0.2952061795748778,-0.77908,-0.53869,-0.34188
0.2954536281746891,-0.66619,-0.42815,-0.11112
0.2957010767745004,-0.51479,-0.12482,0.00734
0.2959485253743117,-0.36211,0.30539,-0.08429
0.296195973974123,-0.18383,0.81586,-0.2944
0.2964434225739343,-0.10069,1.21729,-0.05717
0.2966908711737456,0.0551,1.50759,0.21409
0.2969383197735569,0.05473,1.56461,0.2788
0.2971857683733682,-0.02595,1.45377,0.1305
0.2974332169731795,-0.00503,1.14028,-0.04175
0.2976806655729908,0.08928,0.68267,0.0839
0.29792811417280207,0.2509,0.33309,0.04903
0.29817556277261337,0.20752,0.06356,0.00032
0.29842301137242466,0.16011,-0.04529,-0.0331
0.29867045997223596,0.24292,-0.0386,-0.12724
0.29891790857204725,0.36413,0.01733,0.05243
0.29916535717185855,0.43381,0.18584,0.00963
0.29941280577166984,0.29026,0.27183,-0.05877
0.29966025437148114,0.27935,0.31138,0.11003
0.2999077029712925,0.31129,0.29736,0.11997
0.3001551515711038,0.29452,0.17928,0.16018
0.3004026001709151,0.3111,0.13187,0.06017
0.3006500487707264,0.18656,-0.01845,-0.09983
0.30089749737053767,0.13595,-0.1235,-0.03094
0.30114494597034897,-0.02535,-0.16019,-0.01301
0.30139239457016026,-0.22556,-0.30493,-0.00254
0.30163984316997156,-0.23181,-0.2802,-0.05082
0.30188729176978285,-0.35671,-0.3441,-0.12053
0.30213474036959415,-0.53176,-0.40899,-0.02794
0.30238218896940544,-0.49392,-0.42029,-0.04883
0.30262963756921674,-0.36215,-0.59848,-0.13722
0.30287708616902803,-0.52096,-0.60698,-0.11983
0.3031245347688393,-0.26127,-0.68017,-0.19345
0.3033719833686506,0.00978,-0.72356,-0.38905
0.3036194319684619,-0.93652,-0.8994,-0.44908
0.3038668805682732,-1.07533,-1.28432,-0.38353
0.3041143291680845,0.34073,-1.34204,-0.58022
0.3043617777678958,0.8784,-1.44415,-0.76393
0.3046092263677071,-0.04951,-1.36259,-0.46426
0.3048566749675184,-0.53588,-1.22355,-0.27001
0.3051041235673297,0.06593,-1.05155,-0.41992
0.305351572167141,0.16206,-0.46159,-0.37119
0.3055990207669523,-0.25934,-0.15023,-0.15743
0.3058464693667636,-0.28548,-0.14499,-0.17452
0.3060939179665749,-0.35943,-0.47276,-0.17484
0.3063413665663862,-0.68598,-0.63477,0.27524
0.3065888151661975,-0.48331,-0.38011,0.36978
0.3068362637660088,0.25711,-0.62783,-0.26201
0.3070837123658201,0.08732,-0.9274,-0.55948
0.3073311609656314,-0.38918,-0.69275,-0.26848
0.3075786095654427,0.14155,-0.15317,0.19404
0.307826058165254,0.64847,0.15577,0.36301
0.3080735067650653,0.51471,0.18994,0.11916
0.3083209553648766,0.34189,0.35661,0.19804
0.3085684039646879,0.59388,0.18898,0.56002
0.30881585256449917,0.73415,-0.26897,0.72396
0.30906330116431047,0.36814,-0.43965,0.81351
0.30931074976412176,0.13665,-0.40043,0.62513
0.30955819836393306,-0.01036,-0.44115,0.39017
0.30980564696374435,-0.14868,-0.33519,0.47901
0.31005309556355565,-0.03872,0.28694,0.47939
0.31030054416336694,0.15697,0.91837,0.50186
0.31054799276317824,0.18383,1.21723,0.71043
0.31079544136298953,-0.03878,1.31295,0.84123
0.31104288996280083,-0.03928,1.27528,0.87442
0.3112903385626121,0.1448,1.1019,0.723
0.3115377871624234,0.21253,0.76625,0.58835
0.3117852357622347,0.22611,0.45512,0.71258
0.312032684362046,0.15061,0.0706,0.82694
0.31228013296185736,0.26455,-0.16842,0.75336
0.31252758156166865,0.46742,-0.0411,0.4568
0.31277503016147995,0.47816,0.04602,0.13753
0.31302247876129125,0.34756,0.10909,0.12081
0.31326992736110254,0.25403,0.25248,0.25775
0.31351737596091384,0.40524,0.42833,0.29491
0.31376482456072513,0.38237,0.51777,0.20197
0.3140122731605364,0.09384,0.44381,0.14627
0.3142597217603477,-0.12865,0.47615,0.13451
0.314507170360159,-0.12222,0.41385,0.0124
0.3147546189599703,0.05727,0.2471,-0.03121
0.3150020675597816,0.08453,0.22185,-0.04383
0.3152495161595929,0.06624,0.05407,-0.03581
0.3154969647594042,-0.15484,-0.09778,-0.03841
0.3157444133592155,-0.37035,-0.22758,-0.27012
0.3159918619590268,-0.04423,-0.10489,-0.24645
0.3162393105588381,0.05698,0.54457,-0.11768
0.3164867591586494,-0.21691,1.06574,-0.22153
0.3167342077584607,-0.36827,1.67999,-0.24938
0.31698165635827197,-0.41622,2.24086,-0.43165
0.31722910495808326,-0.17102,2.37146,-0.48319
0.31747655355789456,0.11142,2.14484,-0.34058
0.31772400215770585,0.05799,1.1653,-0.57211
0.31797145075751715,-0.12445,0.084,-0.76352
0.31821889935732844,-0.35078,-0.89745,-0.79573
0.3184663479571398,-0.46086,-1.61053,-0.8172
0.3187137965569511,-0.16536,-1.67099,-0.70522
0.3189612451567624,-0.09289,-1.60667,-0.81638
0.3192086937565737,-0.39494,-1.33216,-0.98498
0.319456142356385,0.04356,-1.09355,-0.81328
0.31970359095619627,0.12385,-0.80336,-0.5363
0.31995103955600757,-0.44896,-0.74222,-0.35542
0.32019848815581886,0.73848,-1.16341,-0.36826
0.32044593675563016,1.63926,-1.19034,-0.44426
0.32069338535544145,-0.2888,-1.22941,-0.06526
0.32094083395525275,-1.79055,-1.1125,0.47788
0.32118828255506404,-0.81733,-0.68182,0.24119
0.32143573115487534,0.08896,-0.10554,-0.25395
0.32168317975468663,-0.29223,0.59162,-0.07158
0.3219306283544979,-0.2989,0.59189,0.23085
0.3221780769543092,0.02774,0.46883,0.38771
0.3224255255541205,-0.0368,0.39612,0.60888
0.3226729741539318,0.17703,0.18631,0.66309
0.3229204227537431,0.35576,-0.18025,0.65235
0.3231678713535544,-0.2641,-0.88569,0.67476
0.3234153199533657,-0.9152,-1.19565,0.70784
0.323662768553177,-0.11749,-1.21673,0.61779
0.3239102171529883,0.9147,-1.17397,0.35959
0.3241576657527996,0.46352,-1.31807,0.33483
0.3244051143526109,-0.03953,-1.46674,0.41149
0.32465256295242223,0.35344,-1.12463,0.27912
0.3249000115522335,0.87073,-0.91959,0.2029
0.3251474601520448,0.76216,-0.7798,0.39012
0.3253949087518561,0.21763,-0.55578,0.56302
0.3256423573516674,-0.03114,-0.3688,0.36842
0.3258898059514787,0.09632,-0.15445,0.08173
0.32613725455129,0.45464,0.07387,0.12279
0.3263847031511013,0.48589,0.37385,0.32449
0.3266321517509126,0.17025,0.44042,0.3758
0.3268796003507239,0.00661,0.45728,0.25147
0.3271270489505352,0.01233,0.6846,0.01673
0.3273744975503465,0.18834,0.92047,-0.01314
0.3276219461501578,0.03002,0.94417,0.19737
0.32786939474996907,-0.48973,0.86235,0.12083
0.32811684334978036,-0.73755,0.83895,-0.06518
0.32836429194959166,-0.4921,0.63913,-0.10063
0.32861174054940295,-0.1004,0.49744,-0.07436
0.32885918914921425,-0.23969,0.31738,-0.0882
0.32910663774902554,-0.49023,-0.01809,-0.39795
0.32935408634883684,-0.29559,-0.21513,-0.49292
0.32960153494864813,0.06936,-0.22304,-0.28948
0.32984898354845943,0.14121,-0.09449,-0.27458
0.3300964321482707,-0.27241,-0.21485,-0.37207
0.330343880748082,-0.35857,-0.09784,-0.66013
0.3305913293478933,0.20316,0.4202,-0.71187
0.33083877794770467,0.72102,0.82163,-0.38231
0.33108622654751596,0.70008,1.11907,-0.32976
0.33133367514732726,0.32471,1.17467,-0.47144
0.33158112374713855,0.21427,1.17395,-0.56341
0.33182857234694985,0.25116,0.96227,-0.43891
0.33207602094676114,0.15892,0.5888,-0.21721
0.33232346954657244,-0.19294,0.23656,-0.31416
0.33257091814638373,-0.64557,-0.2707,-0.45603
0.332818366746195,-0.70577,-0.44045,-0.37239
0.3330658153460063,-0.62487,-0.32356,-0.11195
0.3333132639458176,-0.50847,0.0014,0.00637
0.3335607125456289,-0.31827,0.43889,-0.17612
0.3338081611454402,-0.20212,0.8171,-0.23004
0.3340556097452515,-0.05799,1.29357,-0.03025
0.3343030583450628,0.01282,1.46744,0.2634
0.3345505069448741,-0.04388,1.53398,0.30335
0.3347979555446854,-0.09339,1.40319,0.04505
0.3350454041444967,0.03877,0.9882,-0.03861
0.335292852744308,0.1636,0.61704,0.02529
0.3355403013441193,0.10156,0.1685,0.07112
0.33578774994393057,0.17144,0.05774,0.01337
0.33603519854374186,0.27163,-0.0349,-0.13031
0.33628264714355316,0.28921,-0.08313,-0.04479
0.33653009574336445,0.39456,0.12773,0.0459
0.33677754434317575,0.42263,0.1578,-0.04153
0.3370249929429871,0.32127,0.29624,-0.01468
0.3372724415427984,0.24626,0.2563,0.04334
0.3375198901426097,0.26514,0.1814,0.14961
0.337767338742421,0.29663,0.15154,0.15231
0.3380147873422323,0.23717,-0.08454,-0.08389
0.3382622359420436,0.15033,-0.10794,-0.12378
0.33850968454185487,0.03325,-0.18972,-0.08345
0.33875713314166617,-0.07051,-0.28858,-0.04337
0.33900458174147746,-0.13782,-0.32588,0.00869
0.33925203034128876,-0.26797,-0.36544,-0.14874
0.33949947894110005,-0.44256,-0.30882,-0.13785
0.33974692754091135,-0.5248,-0.3885,-0.03739
0.33999437614072264,-0.41989,-0.48128,-0.14634
0.34024182474053394,-0.50298,-0.56391,-0.17758
0.34048927334034523,-0.45853,-0.68574,-0.16072
0.34073672194015653,0.01508,-0.71893,-0.25006
0.3409841705399678,-0.50043,-0.84227,-0.37479
0.3412316191397791,-1.39196,-1.19217,-0.40362
0.3414790677395904,-0.4853,-1.4145,-0.49563
0.3417265163394017,0.91386,-1.4874,-0.75369
0.341973964939213,0.48244,-1.48871,-0.60543
0.3422214135390243,-0.52462,-1.34647,-0.24605
0.3424688621388356,-0.23461,-1.19225,-0.32415
0.3427163107386469,0.23792,-0.71288,-0.45417
0.3429637593384582,-0.02297,-0.20741,-0.25928
0.34321120793826954,-0.24424,-0.05772,-0.06777
0.34345865653808083,-0.27658,-0.22495,-0.18288
0.3437061051378921,-0.53294,-0.61999,0.04793
0.3439535537377034,-0.61419,-0.55768,0.52884
0.3442010023375147,0.03901,-0.42093,0.15058
0.344448450937326,0.26164,-0.73581,-0.47003
0.3446958995371373,-0.34414,-0.87146,-0.52079
0.3449433481369486,-0.20446,-0.46166,-0.03543
0.3451907967367599,0.55511,0.04858,0.48834
0.3454382453365712,0.60384,0.14201,0.30524
0.3456856939363825,0.15351,0.10823,0.10362
0.3459331425361938,0.30891,0.19903,0.29223
0.3461805911360051,0.76837,0.00292,0.572
0.3464280397358164,0.5932,-0.36072,0.96492
0.34667548833562767,0.1978,-0.36413,0.88624
0.34692293693543896,-0.00652,-0.34687,0.47277
0.34717038553525026,-0.12283,-0.31884,0.40186
0.34741783413506155,-0.02529,0.07006,0.48773
0.34766528273487285,0.20485,0.65724,0.57426
0.34791273133468414,0.1794,1.11612,0.64236
0.34816017993449544,-0.04249,1.13634,0.74902
0.34840762853430673,0.0768,1.227,0.97084
0.34865507713411803,0.214,1.22297,0.94059
0.3489025257339293,0.05434,0.89304,0.65865
0.3491499743337406,0.0629,0.6345,0.5565
0.34939742293355197,0.21265,0.30454,0.7237
0.34964487153336327,0.27201,0.11078,0.93065
0.34989232013317456,0.28901,-0.04286,0.7655
0.35013976873298586,0.41977,-0.03749,0.28848
0.35038721733279715,0.44022,0.03471,0.05427
0.35063466593260845,0.30804,0.07876,0.17352
0.35088211453241974,0.40899,0.36596,0.37776
0.35112956313223104,0.4672,0.45527,0.35051
0.35137701173204233,0.3197,0.49815,0.15005
0.3516244603318536,0.10924,0.46586,0.146
0.3518719089316649,-0.03202,0.48741,0.1295
0.3521193575314762,-0.03481,0.45426,0.02934
0.3523668061312875,-0.04669,0.22432,-0.05023
0.3526142547310988,0.08009,0.24055,-0.10597
0.3528617033309101,0.05874,0.00799,0.01763
0.3531091519307214,-0.28309,-0.14327,-0.1077
0.3533566005305327,-0.25949,-0.28212,-0.28083
0.353604049130344,0.10639,-0.07438,-0.22032
0.3538514977301553,0.01412,0.82651,-0.26473
0.3540989463299666,-0.38732,1.29918,-0.1999
0.3543463949297779,-0.4793,1.96804,-0.29468
0.35459384352958917,-0.36114,2.37553,-0.43417
0.35484129212940047,0.0177,2.30988,-0.33817
0.35508874072921176,0.24434,1.93572,-0.43396
0.35533618932902306,-0.0415,0.56033,-0.63739
0.3555836379288344,-0.17925,-0.38094,-0.84304
0.3558310865286457,-0.30117,-1.23755,-0.79191
0.356078535128457,-0.35399,-1.75076,-0.58158
0.3563259837282683,-0.12207,-1.47759,-0.76992
0.3565734323280796,-0.34234,-1.49044,-1.00824
0.3568208809278909,-0.34694,-1.07253,-1.00288
0.3570683295277022,0.30725,-0.89029,-0.74096
0.3573157781275135,-0.06626,-0.68332,-0.40965
0.35756322672732477,-0.43577,-0.68367,-0.41516
0.35781067532713606,1.14618,-1.33126,-0.51968
0.35805812392694736,1.5012,-1.1982,-0.45391
0.35830557252675865,-0.95941,-1.30861,0.03314
0.35855302112656995,-2.05257,-1.19526,0.46824
0.35880046972638124,-0.61765,-0.6592,-0.01709
0.35904791832619254,0.21957,-0.10941,-0.31238
0.35929536692600383,-0.14224,0.68594,0.10004
0.35954281552581513,-0.18041,0.4564,0.23013
0.3597902641256264,0.00304,0.32576,0.35144
0.3600377127254377,-0.07142,0.37049,0.58937
0.360285161325249,0.1576,0.09559,0.66133
0.3605326099250603,0.23262,-0.26763,0.67275
0.3607800585248716,-0.63401,-1.03568,0.5649
0.3610275071246829,-0.94761,-1.13731,0.57076
0.3612749557244942,0.28933,-1.03051,0.50696
0.3615224043243055,1.03675,-1.09153,0.26708
0.36176985292411684,0.28492,-1.27484,0.28509
0.36201730152392814,-0.08457,-1.40532,0.3159
0.36226475012373943,0.60892,-1.00099,0.15687
0.3625121987235507,0.95004,-0.85384,0.19216
0.362759647323362,0.56532,-0.68839,0.47298
0.3630070959231733,0.16822,-0.53331,0.49995
0.3632545445229846,-0.01012,-0.4311,0.18839
0.3635019931227959,0.09951,-0.10613,0.05806
0.3637494417226072,0.47467,0.16809,0.19249
0.3639968903224185,0.54723,0.45357,0.31841
0.3642443389222298,0.07185,0.38909,0.30289
0.3644917875220411,-0.17611,0.46858,0.10926
0.3647392361218524,0.09844,0.84775,0.00272
0.3649866847216637,0.1537,1.02248,0.03521
0.365234133321475,-0.28322,1.0566,-0.00157
0.36548158192128627,-0.63214,0.95271,0.05321
0.36572903052109756,-0.49778,0.94901,0.06431
0.36597647912090886,-0.25591,0.83454,-0.01885
0.36622392772072015,-0.32576,0.53426,-0.08997
0.36647137632053145,-0.47562,0.16207,-0.40146
0.36671882492034275,-0.35058,-0.30268,-0.51313
0.36696627352015404,0.01239,-0.38704,-0.27595
0.36721372211996534,0.19038,-0.27037,-0.22524
0.36746117071977663,-0.10068,-0.33824,-0.42412
0.3677086193195879,-0.40126,-0.31511,-0.74364
0.3679560679193993,-0.08127,0.02212,-0.75193
0.36820351651921057,0.61353,0.6267,-0.42302
0.36845096511902187,0.76674,1.00239,-0.28763
0.36869841371883316,0.43303,1.12908,-0.39166
0.36894586231864446,0.36313,1.25587,-0.52087
0.36919331091845575,0.38243,1.09307,-0.42476
0.36944075951826705,0.1632,0.81458,-0.22862
0.36968820811807834,-0.16489,0.43186,-0.25751
0.36993565671788964,-0.49127,-0.03321,-0.37935
0.37018310531770093,-0.71691,-0.35308,-0.34711
0.37043055391751223,-0.73273,-0.42743,-0.10738
0.3706780025173235,-0.5964,-0.09588,0.00258
0.3709254511171348,-0.60099,0.20325,-0.14087
0.3711728997169461,-0.50377,0.50213,-0.17899
0.3714203483167574,-0.12416,0.9191,-0.02051
0.3716677969165687,0.19035,1.21609,0.24932
0.37191524551638,0.19101,1.42219,0.36156
0.3721626941161913,-0.03909,1.30233,0.15977
0.3724101427160026,0.04271,1.04413,0.02272
0.3726575913158139,0.28272,0.72013,0.04209
0.3729050399156252,0.30197,0.34349,0.10802
0.3731524885154365,0.26158,0.16888,0.17091
0.37339993711524777,0.23491,-0.02601,0.03249
0.37364738571505907,0.28464,-0.00698,-0.04145
0.37389483431487036,0.29611,0.21117,0.0418
0.3741422829146817,0.31601,0.38736,0.02084
0.374389731514493,0.25631,0.4707,0.07024
0.3746371801143043,0.15729,0.31097,0.13084
0.3748846287141156,0.26303,0.316,0.17976
0.3751320773139269,0.2533,0.19699,0.24667
0.3753795259137382,0.14987,-0.04609,0.02869
0.3756269745135495,0.09807,-0.15764,-0.10248
0.3758744231133608,0.16648,-0.36154,-0.00706
0.3761218717131721,0.23719,-0.30831,0.00399
0.37636932031298337,0.005,-0.39545,0.0775
0.37661676891279466,-0.1977,-0.38911,-0.02564
0.37686421751260596,-0.30288,-0.2562,-0.17256
0.37711166611241725,-0.34758,-0.405,-0.06114
0.37735911471222855,-0.24616,-0.28514,-0.06984
0.37760656331203984,-0.35593,-0.40922,-0.09335
0.37785401191185114,-0.65522,-0.53971,-0.12406
0.37810146051166243,-0.42356,-0.58092,-0.24376
0.37834890911147373,0.00873,-0.7486,-0.3131
0.378596357711285,-0.80841,-0.78524,-0.42646
0.3788438063110963,-1.494,-1.20605,-0.39019
0.3790912549109076,-0.13829,-1.3391,-0.50084
0.3793387035107189,0.98566,-1.36505,-0.73738
0.3795861521105302,0.18988,-1.43304,-0.44152
0.3798336007103415,-0.58945,-1.20248,-0.23448
0.38008104931015285,-0.09537,-1.16572,-0.42494
0.38032849790996415,0.31706,-0.65184,-0.42637
0.38057594650977544,-0.11132,-0.1851,-0.14926
0.38082339510958674,-0.27183,-0.1834,-0.08002
0.38107084370939803,-0.26786,-0.38715,-0.29922
0.38131829230920933,-0.67003,-0.67962,0.10734
0.3815657409090206,-0.61865,-0.31822,0.46511
0.3818131895088319,0.10717,-0.32023,-0.06551
0.3820606381086432,0.2346,-0.74457,-0.51052
0.3823080867084545,-0.32657,-0.58136,-0.40798
0.3825555353082658,-0.07836,-0.18238,0.17607
0.3828029839080771,0.59562,0.10903,0.44021
0.3830504325078884,0.49241,0.04927,0.17088
0.3832978811076997,0.22658,0.13167,0.17712
0.383545329707511,0.45527,0.14823,0.32604
0.3837927783073223,0.74594,-0.35259,0.63295
0.3840402269071336,0.51159,-0.46829,0.92019
0.38428767550694487,0.16172,-0.39078,0.72532
0.38453512410675617,0.07124,-0.43323,0.48041
0.38478257270656746,-0.05471,-0.29885,0.43497
0.38503002130637876,-0.04056,0.20756,0.4784
0.38527746990619005,0.13138,0.94556,0.5746
0.38552491850600135,0.19783,1.14702,0.64886
0.38577236710581264,0.0483,1.23815,0.8304
0.38601981570562394,-0.10201,1.33358,0.95475
0.3862672643054353,0.05937,1.08173,0.74777
0.3865147129052466,0.21024,0.82437,0.58703
0.3867621615050579,0.20723,0.44706,0.62229
0.3870096101048692,0.2658,0.16316,0.7637
0.38725705870468047,0.34928,-0.0712,0.88573
0.38750450730449176,0.4259,-0.13215,0.60669
0.38775195590430306,0.45645,0.02918,0.21478
0.38799940450411435,0.41457,-0.05714,0.12527
0.38824685310392565,0.32556,0.14315,0.22153
0.38849430170373694,0.31226,0.44302,0.2955
0.38874175030354824,0.39876,0.52673,0.19502
0.38898919890335953,0.24924,0.56522,0.10931
0.38923664750317083,-0.02076,0.47194,0.09393
0.3894840961029821,-0.08568,0.54833,-0.00369
0.3897315447027934,-0.03954,0.41999,-0.06644
0.3899789933026047,0.01379,0.23,-0.09625
0.390226441902416,0.07198,0.13987,-0.06062
0.3904738905022273,-0.02442,-0.13838,-0.01612
0.3907213391020386,-0.41207,-0.20496,-0.20529
0.3909687877018499,-0.3529,-0.31493,-0.32122
0.3912162363016612,0.09891,0.04527,-0.2403
0.3914636849014725,-0.02475,0.75185,-0.22348
0.3917111335012838,-0.28069,1.28603,-0.28709
0.3919585821010951,-0.40747,2.00157,-0.43407
0.39220603070090637,-0.3319,2.27045,-0.5094
0.3924534793007177,0.17534,2.359,-0.43981
0.392700927900529,0.31474,1.83002,-0.46949
0.3929483765003403,-0.09077,0.64287,-0.74915
0.3931958251001516,-0.50271,-0.36457,-0.88009
0.3934432736999629,-0.5334,-1.31064,-0.75528
0.3936907222997742,-0.2299,-1.55956,-0.76199
0.3939381708995855,-0.11752,-1.57039,-0.78392
0.3941856194993968,-0.27257,-1.44524,-0.94746
0.3944330680992081,-0.21692,-1.18772,-1.02214
0.3946805166990194,-0.20246,-1.02628,-0.61137
0.3949279652988307,-0.34616,-0.83053,-0.42421
0.39517541389864197,0.8053,-1.199,-0.52104
0.39542286249845326,1.60586,-1.35057,-0.5224
0.39567031109826456,-0.44234,-1.37972,-0.21909
0.39591775969807586,-1.87828,-1.34416,0.3835
0.39616520829788715,-0.59315,-0.81738,0.26815
0.39641265689769845,0.20877,-0.19351,-0.26816
0.39666010549750974,-0.43831,0.57816,-0.07346
0.39690755409732104,-0.48371,0.70574,0.23731
0.39715500269713233,0.12564,0.62949,0.29495
0.3974024512969436,0.14631,0.70056,0.46662
0.3976498998967549,0.19106,0.46563,0.63461
0.3978973484965662,0.26884,0.03837,0.70203
0.3981447970963775,-0.44643,-0.71422,0.65346
0.3983922456961888,-0.87032,-1.05524,0.67487
0.39863969429600016,-0.00823,-1.15251,0.65742
0.39888714289581145,0.89739,-1.29486,0.43112
0.39913459149562275,0.38963,-1.43586,0.37037
0.39938204009543404,-0.17031,-1.62598,0.39319
0.39962948869524534,0.48441,-1.33344,0.25698
0.39987693729505663,0.94414,-1.13383,0.19036
0.40012438589486793,0.58019,-1.05206,0.40523
0.4003718344946792,0.10143,-0.77699,0.59005
0.4006192830944905,0.03697,-0.4948,0.3512
0.4008667316943018,0.23376,-0.09604,0.1194
0.4011141802941131,0.40998,0.21734,0.19548
0.4013616288939244,0.45132,0.56231,0.31213
0.4016090774937357,0.07392,0.69149,0.37936
0.401856526093547,-0.07051,0.63699,0.24979
0.4021039746933583,0.17344,0.8324,0.06462
0.4023514232931696,0.19592,0.91923,0.06467
0.4025988718929809,-0.00401,0.84077,0.15501
0.4028463204927922,-0.38168,0.67303,0.22987
0.40309376909260347,-0.56758,0.68774,0.01428
0.40334121769241477,-0.47683,0.66718,-0.17933
0.40358866629222606,-0.3237,0.35924,-0.02791
0.40383611489203736,-0.24024,0.25332,-0.06929
0.40408356349184865,-0.23513,0.08529,-0.28252
0.40433101209165995,-0.0987,-0.06164,-0.38844
0.40457846069147124,0.0134,-0.15186,-0.38991
0.4048259092912826,0.06424,-0.1991,-0.25022
0.4050733578910939,-0.09421,-0.08725,-0.30352
0.4053208064909052,-0.33764,-0.08858,-0.50756
0.4055682550907165,-0.02064,0.27623,-0.53666
0.4058157036905278,0.48684,0.72881,-0.46166
0.40606315229033907,0.62994,1.04081,-0.33326
0.40631060089015036,0.50503,1.27524,-0.3578
0.40655804948996166,0.33798,1.17685,-0.47082
0.40680549808977295,0.23997,1.03205,-0.38957
0.40705294668958425,0.15563,0.63494,-0.2651
0.40730039528939554,0.00409,0.19661,-0.23311
0.40754784388920684,-0.43052,-0.17492,-0.31888
0.40779529248901814,-0.81979,-0.54748,-0.32694
0.40804274108882943,-0.70835,-0.53083,-0.15356
0.4082901896886407,-0.44737,-0.26912,-0.02398
0.408537638288452,-0.26615,0.24473,-0.01211
0.4087850868882633,-0.19335,0.82014,-0.10986
0.4090325354880746,-0.14164,1.25613,-0.06585
0.4092799840878859,0.04016,1.61075,0.19208
0.4095274326876972,0.10999,1.7412,0.31122
0.4097748812875085,0.09308,1.64004,0.24866
0.4100223298873198,0.00235,1.26831,0.10829
0.4102697784871311,-0.07084,0.72306,0.0301
0.4105172270869424,0.09604,0.28037,0.10534
0.4107646756867537,0.21123,0.08722,0.08555
0.41101212428656503,0.1712,-0.00949,-0.01833
0.4112595728863763,0.21124,-0.16347,-0.0173
0.4115070214861876,0.47219,-0.13745,-0.0195
0.4117544700859989,0.54181,0.06572,0.01971
0.4120019186858102,0.34346,0.15614,0.0389
0.4122493672856215,0.35033,0.12627,0.01003
0.4124968158854328,0.30431,0.1245,0.14876
0.4127442644852441,0.27251,0.2115,0.14417
0.4129917130850554,0.35668,0.19662,0.02446
0.4132391616848667,0.21659,0.0413,-0.01474
0.413486610284678,0.02697,0.00536,-0.12374
0.4137340588844893,-0.10661,0.00135,-0.01588
0.41398150748430057,-0.20786,-0.10591,0.0622
0.41422895608411187,-0.31867,-0.18733,-0.11575
0.41447640468392316,-0.41317,-0.263,-0.12362
0.41472385328373446,-0.47934,-0.33939,-0.07358
0.41497130188354575,-0.57113,-0.44695,-0.07515
0.41521875048335705,-0.62535,-0.63388,-0.11543
0.41546619908316834,-0.60681,-0.73459,-0.23491
0.41571364768297964,-0.10185,-0.80662,-0.31646
0.41596109628279093,-0.01085,-0.90227,-0.42491
0.4162085448826022,-1.05412,-1.18467,-0.39428
0.4164559934824135,-0.97228,-1.50242,-0.42589
0.4167034420822248,0.60991,-1.50343,-0.81419
0.4169508906820361,0.95481,-1.54046,-0.80828
0.41719833928184746,-0.24622,-1.44408,-0.36302
0.41744578788165876,-0.60885,-1.29387,-0.26795
0.41769323648147005,0.12695,-0.9865,-0.51545
0.41794068508128135,0.20544,-0.26056,-0.48498
0.41818813368109264,-0.17641,0.02735,-0.15944
0.41843558228090394,-0.40007,-0.08074,-0.18993
0.41868303088071523,-0.71202,-0.4223,-0.04325
0.41893047948052653,-0.65006,-0.50323,0.38103
0.4191779280803378,-0.03723,-0.28635,0.10803
0.4194253766801491,0.26972,-0.69709,-0.33342
0.4196728252799604,-0.27543,-0.93841,-0.4502
0.4199202738797717,-0.41023,-0.58338,-0.19266
0.420167722479583,0.28066,-0.09246,0.27872
0.4204151710793943,0.566,0.15027,0.25274
0.4206626196792056,0.41947,0.18593,0.16239
0.4209100682790169,0.40601,0.30102,0.219
0.4211575168788282,0.6291,0.06995,0.35649
0.4214049654786395,0.65871,-0.24766,0.8169
0.4216524140784508,0.42722,-0.28923,0.85621
0.42189986267826207,0.22492,-0.36509,0.52867
0.42214731127807337,-0.08416,-0.49483,0.38113
0.42239475987788466,-0.03792,-0.15028,0.32379
0.42264220847769596,0.25801,0.51577,0.49877
0.42288965707750725,0.14115,0.90755,0.59188
0.42313710567731855,-0.10756,1.067,0.65235
0.4233845542771299,0.02688,1.1805,0.92835
0.4236320028769412,0.3142,1.29757,0.89224
0.4238794514767525,0.14705,1.01989,0.70375
0.4241269000765638,-0.09031,0.67648,0.61799
0.4243743486763751,-0.00042,0.41926,0.66542
0.4246217972761864,0.15529,0.11281,0.926
0.42486924587599767,0.29558,0.09735,0.82669
0.42511669447580896,0.36101,0.06687,0.39502
0.42536414307562026,0.36751,0.07364,0.11629
0.42561159167543156,0.35103,0.10646,0.12472
0.42585904027524285,0.40977,0.28201,0.34252
0.42610648887505415,0.44905,0.48702,0.33841
0.42635393747486544,0.27673,0.43472,0.2116
0.42660138607467674,0.17094,0.50725,0.18756
0.42684883467448803,0.15225,0.52521,0.10021
0.4270962832742993,0.06089,0.43185,0.01778
0.4273437318741106,-0.03804,0.24815,-0.04176
0.4275911804739219,-0.027,0.15439,-0.05564
0.4278386290737332,0.08227,0.04327,0.00462
0.4280860776735445,-0.17094,-0.18537,-0.0573
0.4283335262733558,-0.42437,-0.28254,-0.25888
0.4285809748731671,-0.05126,-0.13738,-0.32539
0.4288284234729784,0.08217,0.59971,-0.19925
0.4290758720727897,-0.29697,1.22144,-0.1522
0.429323320672601,-0.42756,1.7145,-0.24437
0.42957076927241233,-0.29762,2.20978,-0.39803
0.42981821787222363,-0.05105,2.33968,-0.4591
0.4300656664720349,0.21846,2.17159,-0.33081
0.4303131150718462,0.11265,1.16624,-0.4638
0.4305605636716575,-0.22857,0.03642,-0.80039
0.4308080122714688,-0.42411,-0.85122,-0.76199
0.4310554608712801,-0.42527,-1.51503,-0.62866
0.4313029094710914,-0.17762,-1.53773,-0.66453
0.4315503580709027,-0.22445,-1.46323,-0.79186
0.431797806670714,-0.53594,-1.23883,-1.02087
0.4320452552705253,-0.09435,-0.98339,-0.77596
0.4322927038703366,0.04305,-0.77345,-0.32951
0.4325401524701479,-0.3814,-0.74986,-0.40141
0.43278760106995917,0.73937,-1.16142,-0.45832
0.43303504966977047,1.68649,-1.24074,-0.45889
0.43328249826958176,-0.14357,-1.21274,-0.09599
0.43352994686939306,-1.8236,-1.18985,0.57087
0.43377739546920435,-0.85494,-0.78675,0.18479
0.43402484406901565,0.22283,-0.18202,-0.2926
0.43427229266882694,-0.15845,0.49566,0.04398
0.43451974126863824,-0.31078,0.62077,0.2801
0.43476718986844953,0.0208,0.45365,0.41876
0.43501463846826083,-0.08437,0.42664,0.49716
0.4352620870680721,-0.03066,0.21105,0.55529
0.4355095356678834,0.18232,-0.22219,0.65095
0.43575698426769477,-0.40881,-0.88555,0.59709
0.43600443286750606,-1.00829,-1.26044,0.6007
0.43625188146731736,-0.16182,-1.19437,0.52528
0.43649933006712865,0.88332,-1.16792,0.35006
0.43674677866693995,0.55048,-1.34865,0.32387
0.43699422726675125,0.07151,-1.43901,0.35461
0.43724167586656254,0.4727,-1.14842,0.26325
0.43748912446637384,0.95571,-0.91784,0.16535
0.43773657306618513,0.73244,-0.81659,0.43851
0.4379840216659964,0.18235,-0.60495,0.6248
0.4382314702658077,-0.02158,-0.32911,0.33071
0.438478918865619,0.07229,-0.11185,0.08291
0.4387263674654303,0.37979,0.13088,0.08101
0.4389738160652416,0.50167,0.43714,0.28715
0.4392212646650529,0.21747,0.50982,0.34001
0.4394687132648642,-0.01286,0.58411,0.09925
0.4397161618646755,-0.00841,0.79504,0.02047
0.4399636104644868,0.10332,1.04671,0.0685
0.4402110590642981,-0.04476,1.01909,0.12833
0.4404585076641094,-0.39998,0.81419,0.11264
0.4407059562639207,-0.5606,0.84237,0.00378
0.44095340486373197,-0.35545,0.7234,0.04094
0.44120085346354326,-0.10479,0.54487,0.04199
0.44144830206335456,-0.24529,0.18975,-0.2017
0.44169575066316585,-0.3583,-0.13941,-0.41219
0.4419431992629772,-0.1139,-0.18336,-0.37727
0.4421906478627885,0.14681,-0.22036,-0.23915
0.4424380964625998,-0.02408,-0.16576,-0.24744
0.4426855450624111,-0.41103,-0.22842,-0.54232
0.4429329936622224,-0.28352,0.02046,-0.75501
0.4431804422620337,0.25935,0.51038,-0.59904
0.443427890861845,0.67613,0.87026,-0.38527
0.44367533946165627,0.70438,1.12593,-0.31148
0.44392278806146757,0.46928,1.17182,-0.40816
0.44417023666127886,0.30901,1.19116,-0.47168
0.44441768526109016,0.21917,0.95983,-0.34006
0.44466513386090145,0.02458,0.61527,-0.25195
0.44491258246071275,-0.34316,0.19857,-0.30025
0.44516003106052404,-0.6366,-0.23964,-0.34306
0.44540747966033534,-0.67593,-0.44221,-0.25659
0.44565492826014663,-0.606,-0.35664,-0.11939
0.4459023768599579,-0.50246,0.05952,-0.11101
0.4461498254597692,-0.39643,0.42168,-0.20615
0.4463972740595805,-0.22215,0.82467,-0.18261
0.4466447226593918,0.03984,1.19871,0.04886
0.4468921712592031,0.16133,1.45027,0.24151
0.4471396198590144,0.04721,1.52438,0.21839
0.4473870684588257,-0.04936,1.21666,0.06236
0.447634517058637,0.03742,0.92939,-0.03306
0.4478819656584483,0.17466,0.53941,0.01951
0.44812941425825964,0.27431,0.19173,0.04358
0.44837686285807093,0.26305,0.09263,0.00231
0.44862431145788223,0.16613,-0.05301,-0.05302
0.4488717600576935,0.18893,-0.00631,-0.13034
0.4491192086575048,0.28172,0.12153,-0.08741
0.4493666572573161,0.28396,0.26635,-0.02206
0.4496141058571274,0.19399,0.36646,-0.01892
0.4498615544569387,0.15713,0.22246,0.0815
0.45010900305675,0.28663,0.1668,0.11088
0.4503564516565613,0.35475,0.04832,0.0571
0.4506039002563726,0.2273,-0.09636,-0.03096
0.4508513488561839,0.13243,-0.17873,-0.19363
0.4510987974559952,0.09321,-0.29061,-0.10552
0.4513462460558065,-0.07243,-0.24456,0.04651
0.45159369465561777,-0.09745,-0.30183,-9e-05
0.45184114325542907,-0.09436,-0.30069,-0.08905
0.45208859185524036,-0.44833,-0.31829,-0.16859
0.45233604045505166,-0.57638,-0.40367,-0.0836
0.45258348905486295,-0.37272,-0.36361,-0.00547
0.45283093765467425,-0.41308,-0.52606,-0.06359
0.45307838625448554,-0.26525,-0.61768,-0.13479
0.45332583485429684,0.03848,-0.6875,-0.33077
0.45357328345410813,-0.66673,-0.91832,-0.40628
0.45382073205391943,-1.28039,-1.26229,-0.26223
0.4540681806537307,-0.05749,-1.50422,-0.41811
0.4543156292535421,0.94787,-1.49548,-0.69683
0.45456307785335337,0.10925,-1.51137,-0.47289
0.45481052645316467,-0.52113,-1.34189,-0.14073
0.45505797505297596,-0.01841,-1.09119,-0.25893
0.45530542365278726,0.19353,-0.60688,-0.44659
0.45555287225259855,-0.1263,-0.08967,-0.25904
0.45580032085240985,-0.20208,-0.03082,-0.08243
0.45604776945222114,-0.4617,-0.20401,-0.12013
0.45629521805203244,-0.90446,-0.53558,0.17526
0.45654266665184373,-0.52372,-0.46714,0.32118
0.456790115251655,0.2503,-0.46632,-0.17247
0.4570375638514663,0.07909,-0.80223,-0.48877
0.4572850124512776,-0.42331,-0.69383,-0.27903
0.4575324610510889,0.14758,-0.28777,0.16561
0.4577799096509002,0.81727,0.04679,0.32725
0.4580273582507115,0.44629,0.04954,0.20683
0.4582748068505228,0.12553,0.1304,0.21237
0.4585222554503341,0.57387,0.15842,0.30282
0.4587697040501454,0.84696,-0.23243,0.61897
0.4590171526499567,0.51914,-0.37891,0.91166
0.459264601249768,0.20645,-0.32813,0.79433
0.4595120498495793,-0.03236,-0.3953,0.46548
0.45975949844939057,-0.22518,-0.34658,0.27086
0.46000694704920186,-0.00593,0.13137,0.44593
0.46025439564901316,0.26695,0.77871,0.60731
0.4605018442488245,0.09953,0.99006,0.66297
0.4607492928486358,-0.13019,1.07547,0.87615
0.4609967414484471,-0.01086,1.30938,0.92879
0.4612441900482584,0.22985,1.21714,0.81988
0.4614916386480697,0.25573,0.88777,0.73012
0.461739087247881,0.08104,0.51014,0.6405
0.4619865358476923,0.10384,0.23182,0.83775
0.4622339844475036,0.33393,0.10442,1.02841
0.46248143304731487,0.3836,-0.0091,0.6784
0.46272888164712617,0.33316,0.07234,0.20333
0.46297633024693746,0.29762,0.06841,0.05689
0.46322377884674876,0.31738,0.22821,0.2374
0.46347122744656005,0.44609,0.49025,0.45295
0.46371867604637135,0.42625,0.49525,0.32994
0.46396612464618264,0.18011,0.56596,0.12366
0.46421357324599394,0.0353,0.51826,0.10143
0.46446102184580523,0.06035,0.5222,0.07021
0.46470847044561653,-0.00407,0.3852,0.05673
0.4649559190454278,-0.03715,0.21797,0.01881
0.4652033676452391,0.09621,0.16053,-0.03904
0.4654508162450504,0.03516,-0.17089,0.02657
0.4656982648448617,-0.29669,-0.25559,-0.1275
0.465945713444673,-0.28885,-0.30818,-0.35397
0.4661931620444843,0.08409,0.03776,-0.30144
0.4664406106442956,-0.02995,0.84794,-0.22291
0.46668805924410695,-0.48526,1.44231,-0.1615
0.46693550784391824,-0.55264,2.12061,-0.29558
0.46718295644372954,-0.31883,2.34686,-0.54182
0.46743040504354083,0.07493,2.3206,-0.46848
0.4676778536433521,0.20274,1.88306,-0.41305
0.4679253022431634,-0.05634,0.67962,-0.6148
0.4681727508429747,-0.21302,-0.33506,-0.75549
0.468420199442786,-0.35569,-1.28588,-0.73041
0.4686676480425973,-0.29153,-1.62037,-0.69459
0.4689150966424086,-0.08055,-1.46414,-0.74181
0.4691625452422199,-0.3237,-1.40667,-0.9025
0.4694099938420312,-0.28044,-1.05006,-0.96679
0.4696574424418425,0.26726,-0.86117,-0.63013
0.4699048910416538,-0.13504,-0.5762,-0.38133
0.4701523396414651,-0.44936,-0.80318,-0.46421
0.4703997882412764,0.99466,-1.3246,-0.55596
0.47064723684108767,1.24659,-1.1851,-0.46882
0.47089468544089896,-0.97549,-1.30034,0.12848
0.47114213404071026,-1.86044,-1.11197,0.42885
0.47138958264052155,-0.49213,-0.71481,-0.10521
0.47163703124033285,0.28581,-0.07981,-0.2572
0.47188447984014414,-0.22379,0.63109,0.11325
0.47213192843995544,-0.27695,0.4471,0.27142
0.47237937703976673,0.07903,0.46933,0.32254
0.47262682563957803,-0.13508,0.33342,0.45709
0.4728742742393894,-0.10433,0.01871,0.58955
0.4731217228392007,0.15938,-0.40324,0.54515
0.47336917143901197,-0.39245,-1.12345,0.45401
0.47361662003882327,-0.87251,-1.21306,0.51429
0.47386406863863456,0.11349,-1.26368,0.42202
0.47411151723844586,1.03465,-1.22269,0.21965
0.47435896583825715,0.33771,-1.25167,0.26382
0.47460641443806845,-0.16114,-1.24677,0.2982
0.47485386303787974,0.55261,-0.89207,0.10062
0.47510131163769104,0.96278,-0.84283,0.15738
0.47534876023750233,0.46814,-0.68342,0.5284
0.4755962088373136,0.0189,-0.52191,0.58432
0.4758436574371249,0.00685,-0.36176,0.29877
0.4760911060369362,0.17402,-0.10959,0.04216
0.4763385546367475,0.53183,0.20876,0.10362
0.4765860032365588,0.53297,0.52494,0.30868
0.4768334518363701,0.03547,0.53705,0.2604
0.4770809004361814,-0.15272,0.67266,0.12376
0.4773283490359927,-0.00521,0.93647,-0.00796
0.477575797635804,0.0317,1.12167,-0.0143
0.4778232462356153,-0.21993,0.95652,0.13206
0.4780706948354266,-0.49292,0.82227,0.1538
0.4783181434352379,-0.3552,0.92611,0.1474
0.47856559203504917,-0.16907,0.7905,0.06802
0.47881304063486047,-0.39497,0.49017,-0.17339
0.4790604892346718,-0.5533,-0.02478,-0.32068
0.4793079378344831,-0.19924,-0.30019,-0.29678
0.4795553864342944,0.18245,-0.33817,-0.1493
0.4798028350341057,0.08367,-0.4472,-0.1683
0.480050283633917,-0.2406,-0.46325,-0.49025
0.4802977322337283,-0.30256,-0.37152,-0.63288
0.4805451808335396,0.12583,0.13191,-0.5155
0.4807926294333509,0.58112,0.74445,-0.35573
0.4810400780331622,0.54845,1.07962,-0.25935
0.4812875266329735,0.4532,1.28759,-0.36106
0.48153497523278477,0.49145,1.31562,-0.37682
0.48178242383259606,0.33295,1.22569,-0.27628
0.48202987243240736,0.03491,0.92579,-0.28885
0.48227732103221865,-0.16913,0.39457,-0.29471
0.48252476963202995,-0.32654,0.00581,-0.28676
0.48277221823184124,-0.50848,-0.29115,-0.20637
0.48301966683165254,-0.58491,-0.3842,-0.11292
0.48326711543146383,-0.62255,-0.21461,-0.17272
0.48351456403127513,-0.59794,0.04571,-0.20989
0.4837620126310864,-0.29354,0.49053,-0.1202
0.4840094612308977,0.01284,0.82272,0.03661
0.484256909830709,0.09961,1.12773,0.14399
0.4845043584305203,0.03491,1.32745,0.16654
0.4847518070303316,-0.01307,1.14666,0.13161
0.4849992556301429,0.14828,0.88927,0.05035
0.48524670422995425,0.32417,0.61178,0.05898
0.48549415282976555,0.38519,0.36389,0.08646
0.48574160142957684,0.31927,0.12376,0.08053
0.48598905002938814,0.19813,0.04603,0.09501
0.48623649862919943,0.27802,0.18202,0.01712
0.4864839472290107,0.35261,0.28775,-0.0311
0.486731395828822,0.23107,0.36218,0.0096
0.4869788444286333,0.10629,0.32233,0.07102
0.4872262930284446,0.12369,0.24444,0.17056
0.4874737416282559,0.20058,0.16516,0.14285
0.4877211902280672,0.21385,0.02891,0.02499
0.4879686388278785,0.18708,-0.10327,-0.03386
0.4882160874276898,0.01519,-0.29718,-0.05638
0.4884635360275011,0.01045,-0.39649,-0.04503
0.4887109846273124,0.18787,-0.28316,-0.05294
0.4889584332271237,0.15249,-0.31331,-0.03085
0.489205881826935,0.14639,-0.3563,0.0275
0.48945333042674627,-0.01369,-0.3021,-0.05906
0.48970077902655756,-0.34766,-0.32192,-0.09644
0.48994822762636886,-0.4505,-0.26604,0.05242
0.49019567622618015,-0.457,-0.33695,0.0221
0.49044312482599145,-0.50209,-0.37835,-0.08223
0.49069057342580275,-0.33852,-0.46681,-0.18289
0.49093802202561404,-0.18035,-0.65901,-0.44672
0.49118547062542534,-0.72652,-0.80245,-0.362
0.4914329192252367,-0.84493,-1.14433,-0.14488
0.491680367825048,0.22861,-1.23783,-0.3341
0.4919278164248593,0.59104,-1.31239,-0.46159
0.49217526502467057,-0.2237,-1.31497,-0.33707
0.49242271362448187,-0.50248,-1.11674,-0.18736
0.49267016222429316,0.15593,-0.99057,-0.21421
0.49291761082410446,0.37073,-0.46033,-0.30617
0.49316505942391575,0.02608,-0.21267,-0.19371
0.49341250802372705,-0.02674,-0.30083,-0.18595
0.49365995662353834,-0.30297,-0.43901,-0.16128
0.49390740522334964,-0.62788,-0.63075,0.1431
0.49415485382316093,-0.18784,-0.44381,0.08396
0.49440230242297223,0.32274,-0.55181,-0.33785
0.4946497510227835,-0.01016,-0.69797,-0.44816
0.4948971996225948,-0.33921,-0.40552,-0.13761
0.4951446482224061,0.20567,-0.02174,0.19989
0.4953920968222174,0.55236,0.29918,0.23161
0.4956395454220287,0.22503,0.29757,0.16061
0.49588699402184,0.12548,0.28332,0.19329
0.4961344426216513,0.45151,0.16611,0.4129
0.4963818912214626,0.64671,-0.14987,0.70305
0.4966293398212739,0.35118,-0.21774,0.75566
0.4968767884210852,-0.07365,-0.3281,0.54321
0.4971242370208965,-0.27684,-0.42323,0.27474
0.49737168562070777,-0.14645,-0.22264,0.33568
0.4976191342205191,0.2144,0.23912,0.53742
0.4978665828203304,0.15245,0.74472,0.53984
0.4981140314201417,-0.19814,0.85503,0.60214
0.498361480019953,-0.22466,0.96888,0.69935
0.4986089286197643,0.00017,1.10559,0.72462
0.4988563772195756,0.1385,0.96095,0.66574
0.4991038258193869,0.05403,0.6842,0.51488
0.4993512744191982,0.05177,0.26535,0.54299
0.4995987230190095,0.2843,0.12274,0.7015
0.4998461716188208,0.48755,0.19158,0.64278
0.500093620218632,0.45339,0.24063,0.36884
0.5003410688184433,0.26212,0.27045,0.08492
0.5005885174182546,0.28855,0.25294,0.04456
0.500835966018066,0.46541,0.48438,0.29411
0.5010834146178773,0.3699,0.62768,0.35673
0.5013308632176886,0.04448,0.48528,0.19031
0.5015783118174999,-0.11372,0.41157,0.06804
0.5018257604173112,-0.06882,0.40548,0.01209
0.5020732090171225,-0.10368,0.42436,0.10116
0.5023206576169338,-0.10344,0.36281,0.08396
0.5025681062167451,-0.02435,0.13068,-0.04989
0.5028155548165564,0.05948,-0.03693,-0.05705
0.5030630034163677,0.13785,-0.12953,-0.05323
0.503310452016179,-0.15074,-0.19645,-0.15695
0.5035579006159903,-0.31189,-0.20179,-0.27322
0.5038053492158016,0.08422,0.02777,-0.20565
0.5040527978156129,0.14318,0.75389,-0.08441
0.5043002464154241,-0.19726,1.47315,-0.16027
0.5045476950152354,-0.48863,1.94705,-0.40452
0.5047951436150467,-0.2602,2.30011,-0.5655
0.505042592214858,0.27984,2.1874,-0.55453
0.5052900408146693,0.26779,1.68175,-0.39283
0.5055374894144806,0.03499,0.78407,-0.38464
0.5057849380142919,-0.33708,-0.33278,-0.70067
0.5060323866141032,-0.30191,-0.96607,-0.70702
0.5062798352139145,-0.09809,-1.43894,-0.63973
0.5065272838137258,0.18234,-1.22534,-0.45856
